,date_time,status,process_id,parent_pid,process_name
0,2021-03-17 13:25:45,file_creation,408,C:\Users\nima\AppData\Local\Temp\frida-074d0cc9fe746d8ea0d28fc662f2640f\64\frida-agent.dll,C:\Users\nima\AppData\Local\Programs\Python\Python37\python.exe
1,2021-03-17 13:25:45,file_creation,4940,C:\Users\nima\Desktop\scripts\exp\process_pre.csv,C:\Users\nima\AppData\Local\Programs\Python\Python37\python.exe
2,2021-03-17 13:25:45,key_creation,1964,\REGISTRY\USER\S-1-5-21-520244864-3345261719-3862814978-1001\Software\Microsoft\Windows\CurrentVersion\Explorer\FileExts\.bat\OpenWithProgids,C:\Windows\explorer.exe
3,2021-03-17 13:25:45,key_creation,1964,\REGISTRY\USER\S-1-5-21-520244864-3345261719-3862814978-1001\Software\Microsoft\Windows\CurrentVersion\Explorer\StartPage2,C:\Windows\explorer.exe
4,2021-03-17 13:25:45,file_creation,408,C:\Users\nima\AppData\Local\Temp\frida-074d0cc9fe746d8ea0d28fc662f2640f\32\frida-agent.dll,C:\Users\nima\AppData\Local\Programs\Python\Python37\python.exe
5,2021-03-17 13:25:47,file_creation,3880,C:\Users\nima\Desktop\scripts\exp\capture.pcap,C:\Program Files\Wireshark\dumpcap.exe
6,2021-03-17 13:25:46,file_creation,408,C:\Users\nima\AppData\Local\Temp\frida-074d0cc9fe746d8ea0d28fc662f2640f\64\symsrv.dll,C:\Users\nima\AppData\Local\Programs\Python\Python37\python.exe
7,2021-03-17 13:25:46,file_creation,408,C:\Users\nima\AppData\Local\Temp\frida-074d0cc9fe746d8ea0d28fc662f2640f\64\dbghelp.dll,C:\Users\nima\AppData\Local\Programs\Python\Python37\python.exe
8,2021-03-17 13:25:46,file_creation,408,C:\Users\nima\AppData\Local\Temp\frida-074d0cc9fe746d8ea0d28fc662f2640f\32\symsrv.dll,C:\Users\nima\AppData\Local\Programs\Python\Python37\python.exe
9,2021-03-17 13:25:46,file_creation,408,C:\Users\nima\AppData\Local\Temp\frida-074d0cc9fe746d8ea0d28fc662f2640f\32\dbghelp.dll,C:\Users\nima\AppData\Local\Programs\Python\Python37\python.exe
10,2021-03-17 13:25:49,file_creation,408,C:\Users\nima\Desktop\scripts\exp\frida_3152.txt.gz,C:\Users\nima\AppData\Local\Programs\Python\Python37\python.exe
11,2021-03-17 13:25:51,key_creation,408,\REGISTRY\USER\S-1-5-21-520244864-3345261719-3862814978-1001\Software\Microsoft\Windows\CurrentVersion\Internet Settings\ZoneMap,C:\Users\nima\AppData\Local\Programs\Python\Python37\python.exe
12,2021-03-17 13:25:51,file_creation,408,C:\Users\nima\AppData\Local\Temp\frida-074d0cc9fe746d8ea0d28fc662f2640f\frida-helper-64.exe,C:\Users\nima\AppData\Local\Programs\Python\Python37\python.exe
13,2021-03-17 13:25:51,file_creation,408,C:\Users\nima\AppData\Local\Temp\frida-074d0cc9fe746d8ea0d28fc662f2640f\frida-helper-32.exe,C:\Users\nima\AppData\Local\Programs\Python\Python37\python.exe
14,2021-03-17 13:25:50,key_creation,1964,\REGISTRY\USER\S-1-5-21-520244864-3345261719-3862814978-1001\Software\Microsoft\Windows\CurrentVersion\Explorer\FileExts\.bat\OpenWithProgids,C:\Windows\explorer.exe
15,2021-03-17 13:25:51,register_modification,976,\REGISTRY\MACHINE\SOFTWARE\Microsoft\Windows\CurrentVersion\BITSStateIndex,C:\Windows\System32\svchost.exe
16,2021-03-17 13:25:55,file_creation,1476,C:\Users\nima\AppData\Local\Temp\logB5F9.tmp,C:\Users\nima\Desktop\malware.exe
17,2021-03-17 13:25:54,file_creation,1476,C:\Users\nima\AppData\Local\Temp\logB5F9.tmp,C:\Users\nima\Desktop\malware.exe
18,2021-03-17 13:25:54,key_creation,1964,\REGISTRY\USER\S-1-5-21-520244864-3345261719-3862814978-1001\Software\Microsoft\Windows\CurrentVersion\Explorer\FileExts\.bat\OpenWithProgids,C:\Windows\explorer.exe
19,2021-03-17 13:25:54,key_creation,1964,\REGISTRY\USER\S-1-5-21-520244864-3345261719-3862814978-1001\Software\Microsoft\Windows\CurrentVersion\Explorer\StartPage2,C:\Windows\explorer.exe
20,2021-03-17 13:25:56,file_creation,1476,C:\Users\nima\AppData\Local\Temp\logB5F9.tmp,C:\Users\nima\Desktop\malware.exe
21,2021-03-17 13:25:58,file_creation,1476,C:\Users\nima\AppData\Local\Temp\logB5F9.tmp,C:\Users\nima\Desktop\malware.exe
22,2021-03-17 13:25:57,file_creation,1476,C:\Users\nima\AppData\Local\Temp\logB5F9.tmp,C:\Users\nima\Desktop\malware.exe
23,2021-03-17 13:26:00,file_creation,1476,C:\Users\nima\AppData\Local\Temp\logB5F9.tmp,C:\Users\nima\Desktop\malware.exe
24,2021-03-17 13:25:59,file_creation,1476,C:\Users\nima\AppData\Local\Temp\logB5F9.tmp,C:\Users\nima\Desktop\malware.exe
25,2021-03-17 13:26:01,file_creation,1476,C:\Users\nima\AppData\Local\Temp\logB5F9.tmp,C:\Users\nima\Desktop\malware.exe
26,2021-03-17 13:26:03,file_creation,1476,C:\Users\nima\AppData\Local\Temp\logB5F9.tmp,C:\Users\nima\Desktop\malware.exe
27,2021-03-17 13:26:02,file_creation,1476,C:\Users\nima\AppData\Local\Temp\logB5F9.tmp,C:\Users\nima\Desktop\malware.exe
28,2021-03-17 13:26:04,file_creation,1476,C:\Users\nima\AppData\Local\Temp\logB5F9.tmp,C:\Users\nima\Desktop\malware.exe
29,2021-03-17 13:26:06,file_creation,1476,C:\Users\nima\AppData\Local\Temp\logB5F9.tmp,C:\Users\nima\Desktop\malware.exe
30,2021-03-17 13:26:05,file_creation,1476,C:\Users\nima\AppData\Local\Temp\logB5F9.tmp,C:\Users\nima\Desktop\malware.exe
31,2021-03-17 13:26:08,file_creation,1476,C:\Users\nima\AppData\Local\Temp\logB5F9.tmp,C:\Users\nima\Desktop\malware.exe
32,2021-03-17 13:26:07,file_creation,1476,C:\Users\nima\AppData\Local\Temp\logB5F9.tmp,C:\Users\nima\Desktop\malware.exe
33,2021-03-17 13:26:09,file_creation,1476,C:\Users\nima\AppData\Local\Temp\logB5F9.tmp,C:\Users\nima\Desktop\malware.exe
34,2021-03-17 13:26:10,file_creation,1476,C:\Users\nima\AppData\Local\Temp\logB5F9.tmp,C:\Users\nima\Desktop\malware.exe
35,2021-03-17 13:26:20,file_creation,408,C:\Users\nima\Desktop\scripts\exp\frida_2636.txt.gz,C:\Users\nima\AppData\Local\Programs\Python\Python37\python.exe
36,2021-03-17 13:26:21,key_creation,1964,\REGISTRY\USER\S-1-5-21-520244864-3345261719-3862814978-1001\Software\Microsoft\Windows\CurrentVersion\Explorer\FileExts\.bat\OpenWithProgids,C:\Windows\explorer.exe
37,2021-03-17 13:26:21,key_creation,1964,\REGISTRY\USER\S-1-5-21-520244864-3345261719-3862814978-1001\Software\Microsoft\Windows\CurrentVersion\Explorer\StartPage2,C:\Windows\explorer.exe
38,2021-03-17 13:26:29,register_modification,976,\REGISTRY\MACHINE\SOFTWARE\Microsoft\Windows\CurrentVersion\BITSStateIndex,C:\Windows\System32\svchost.exe
39,2021-03-17 13:27:33,register_modification,976,\REGISTRY\MACHINE\SOFTWARE\Microsoft\Windows\CurrentVersion\BITSStateIndex,C:\Windows\System32\svchost.exe
40,2021-03-17 13:27:42,register_modification,1964,\REGISTRY\USER\S-1-5-21-520244864-3345261719-3862814978-1001\Software\Microsoft\Windows\CurrentVersion\Explorer\UserAssist\{CEBFF5CD-ACE2-4F4F-9178-9926F41749EA}\CountHRZR_PGYFRFFVBA,C:\Windows\explorer.exe
41,2021-03-17 13:27:42,register_modification,1964,\REGISTRY\USER\S-1-5-21-520244864-3345261719-3862814978-1001\Software\Microsoft\Windows\CurrentVersion\Explorer\UserAssist\{CEBFF5CD-ACE2-4F4F-9178-9926F41749EA}\CountP:\Hfref\avzn\NccQngn\Ybpny\Cebtenzf\Clguba\Clguba37\clguba.rkr,C:\Windows\explorer.exe
42,2021-03-17 13:28:09,register_modification,976,\REGISTRY\MACHINE\SOFTWARE\Microsoft\Windows\CurrentVersion\BITSStateIndex,C:\Windows\System32\svchost.exe
43,2021-03-17 13:29:24,register_modification,976,\REGISTRY\MACHINE\SOFTWARE\Microsoft\Windows\CurrentVersion\BITSStateIndex,C:\Windows\System32\svchost.exe
44,2021-03-17 13:29:50,register_modification,976,\REGISTRY\MACHINE\SOFTWARE\Microsoft\Windows\CurrentVersion\BITSStateIndex,C:\Windows\System32\svchost.exe
45,2021-03-17 13:29:50,file_creation,976,C:\Users\nima\AppData\Local\Temp\BIT49B9.tmp,C:\Windows\System32\svchost.exe
46,2021-03-17 13:29:51,file_creation,4880,C:\Users\nima\AppData\Local\Temp\{968D43F1-8EF0-4978-A65F-75B32579EF28}-89.0.4389.82_88.0.4324.182_chrome_updater.exe,C:\Program Files (x86)\Google\Update\GoogleUpdate.exe
47,2021-03-17 13:29:55,file_creation,4880,C:\Users\nima\AppData\Local\Temp\{968D43F1-8EF0-4978-A65F-75B32579EF28}-89.0.4389.82_88.0.4324.182_chrome_updater.exe,C:\Program Files (x86)\Google\Update\GoogleUpdate.exe
48,2021-03-17 13:29:54,file_creation,4880,C:\Program Files (x86)\Google\Update\Download\{8A69D345-D564-463C-AFF1-A69D9E530F96}\89.0.4389.82\89.0.4389.82_88.0.4324.182_chrome_updater.exe,C:\Program Files (x86)\Google\Update\GoogleUpdate.exe
49,2021-03-17 13:29:57,file_creation,1868,C:\Program Files\Google\Chrome\Temp\source1868_1171136647\chrome_patch.chrome_diff,C:\Program Files (x86)\Google\Update\Install\{3792D756-8DD5-41E1-84BE-F3FDECAA69E5}\CR_00C46.tmp\setup.exe
50,2021-03-17 13:29:57,file_creation,4012,C:\Program Files (x86)\Google\Update\Install\{3792D756-8DD5-41E1-84BE-F3FDECAA69E5}\CR_00C46.tmp\SETUP_PATCH.PACKED.7Z,C:\Program Files (x86)\Google\Update\Install\{3792D756-8DD5-41E1-84BE-F3FDECAA69E5}\89.0.4389.82_88.0.4324.182_chrome_updater.exe
51,2021-03-17 13:29:57,file_creation,4320,C:\Program Files\Google\Chrome\Application\SetupMetrics,C:\Program Files\Google\Chrome\Application\88.0.4324.182\Installer\setup.exe
52,2021-03-17 13:30:01,file_creation,652,C:\Users\nima\AppData\Local\Temp\RDR5603.tmp,C:\Windows\System32\taskhost.exe
53,2021-03-17 13:30:01,file_creation,652,C:\Users\nima\AppData\Local\Temp\RDR5603.tmp\empty.txt,C:\Windows\System32\taskhost.exe
54,2021-03-17 13:29:59,file_creation,652,C:\Users\nima\AppData\Local\Temp\RDR5603.tmp,C:\Windows\System32\taskhost.exe
55,2021-03-17 13:30:04,file_creation,1868,C:\Program Files\Google\Chrome\Temp\source1868_1171136647\chrome.7z,C:\Program Files (x86)\Google\Update\Install\{3792D756-8DD5-41E1-84BE-F3FDECAA69E5}\CR_00C46.tmp\setup.exe
56,2021-03-17 13:32:21,key_creation,1964,\REGISTRY\USER\S-1-5-21-520244864-3345261719-3862814978-1001\Software\Microsoft\Windows\CurrentVersion\Explorer\FileExts\.bat\OpenWithProgids,C:\Windows\explorer.exe
57,2021-03-17 13:32:21,key_creation,1964,\REGISTRY\USER\S-1-5-21-520244864-3345261719-3862814978-1001\Software\Microsoft\Windows\CurrentVersion\Explorer\StartPage2,C:\Windows\explorer.exe
58,2021-03-17 13:32:20,file_creation,408,C:\Users\nima\Desktop\scripts\exp\frida_2112.txt.gz,C:\Users\nima\AppData\Local\Programs\Python\Python37\python.exe
59,2021-03-17 13:32:22,file_creation,532,C:\Users\nima\AppData\Local\Microsoft\Vault\4BF4C442-9B8A-41A0-B380-DD4A704DDB28\Policy.vpol,C:\Windows\System32\lsass.exe
60,2021-03-17 13:32:25,file_creation,2112,C:\Users\nima\AppData\Local\Google\Chrome\User Data\Local State.bak,C:\Windows\System32\svchost.exe
61,2021-03-17 13:32:25,file_creation,2112,C:\Users\nima\AppData\Local\Google\Chrome\User Data\Default\Web Data.bak,C:\Windows\System32\svchost.exe
62,2021-03-17 13:32:25,file_creation,2112,C:\Users\nima\AppData\Local\Google\Chrome\User Data\Default\History.bak,C:\Windows\System32\svchost.exe
63,2021-03-17 13:32:25,file_creation,2112,C:\Users\nima\AppData\Local\Google\Chrome\User Data\Default\Login Data.bak,C:\Windows\System32\svchost.exe
64,2021-03-17 13:32:28,register_modification,4904,\REGISTRY\USER\S-1-5-21-520244864-3345261719-3862814978-1001\Software\Microsoft\Windows\CurrentVersion\Internet Settings\ConnectionsDefaultConnectionSettings,C:\Windows\System32\dllhost.exe
65,2021-03-17 13:32:28,key_creation,4904,\REGISTRY\USER\S-1-5-21-520244864-3345261719-3862814978-1001\Software\Microsoft\Windows\CurrentVersion\Internet Settings\Connections,C:\Windows\System32\dllhost.exe
66,2021-03-17 13:32:28,file_creation,4904,C:\Users\nima\AppData\Local\Microsoft\Windows\Temporary Internet Files\counters.dat,C:\Windows\System32\dllhost.exe
67,2021-03-17 13:32:27,register_modification,2112,\REGISTRY\USER\S-1-5-21-520244864-3345261719-3862814978-1001\Software\Microsoft\Windows\CurrentVersion\Internet Settings\Wpad\08-00-27-c2-14-b8WpadDetectedUrl,C:\Windows\System32\svchost.exe
68,2021-03-17 13:32:27,key_creation,2112,\REGISTRY\USER\S-1-5-21-520244864-3345261719-3862814978-1001\Software\Microsoft\Windows\CurrentVersion\Internet Settings\Wpad\08-00-27-c2-14-b8,C:\Windows\System32\svchost.exe
69,2021-03-17 13:32:28,key_creation,2112,\REGISTRY\USER\S-1-5-21-520244864-3345261719-3862814978-1001\Software\Microsoft\Windows\CurrentVersion\Internet Settings\Wpad\08-00-27-c2-14-b8,C:\Windows\System32\svchost.exe
70,2021-03-17 13:32:28,register_modification,2112,\REGISTRY\USER\S-1-5-21-520244864-3345261719-3862814978-1001\Software\Microsoft\Windows\CurrentVersion\Internet Settings\Wpad\08-00-27-c2-14-b8WpadDetectedUrl,C:\Windows\System32\svchost.exe
71,2021-03-17 13:32:28,register_modification,2112,\REGISTRY\USER\S-1-5-21-520244864-3345261719-3862814978-1001\Software\Microsoft\Windows\CurrentVersion\Internet Settings\Wpad\08-00-27-c2-14-b8WpadDecisionTime,C:\Windows\System32\svchost.exe
72,2021-03-17 13:32:28,register_modification,2112,\REGISTRY\USER\S-1-5-21-520244864-3345261719-3862814978-1001\Software\Microsoft\Windows\CurrentVersion\Internet Settings\Wpad\{6EE4BE9A-1894-4E31-9CD3-D4124AD170C0}WpadDecisionTime,C:\Windows\System32\svchost.exe
73,2021-03-17 13:32:36,file_creation,1868,C:\Program Files\Google\Chrome\Temp\source1868_1171136647\Chrome-bin\89.0.4389.82\icudtl.dat,C:\Program Files (x86)\Google\Update\Install\{3792D756-8DD5-41E1-84BE-F3FDECAA69E5}\CR_00C46.tmp\setup.exe
74,2021-03-17 13:32:35,file_creation,1868,C:\Program Files\Google\Chrome\Temp\source1868_1171136647\Chrome-bin\89.0.4389.82\Extensions\external_extensions.json,C:\Program Files (x86)\Google\Update\Install\{3792D756-8DD5-41E1-84BE-F3FDECAA69E5}\CR_00C46.tmp\setup.exe
75,2021-03-17 13:32:38,file_creation,1868,C:\Program Files\Google\Chrome\Temp\source1868_1171136647\Chrome-bin\89.0.4389.82\Locales\ja.pak,C:\Program Files (x86)\Google\Update\Install\{3792D756-8DD5-41E1-84BE-F3FDECAA69E5}\CR_00C46.tmp\setup.exe
76,2021-03-17 13:32:37,file_creation,1868,C:\Program Files\Google\Chrome\Temp\source1868_1171136647\Chrome-bin\89.0.4389.82\Locales\it.pak,C:\Program Files (x86)\Google\Update\Install\{3792D756-8DD5-41E1-84BE-F3FDECAA69E5}\CR_00C46.tmp\setup.exe
77,2021-03-17 13:32:39,file_creation,1868,C:\Program Files\Google\Chrome\Temp\source1868_1171136647\Chrome-bin\89.0.4389.82\Locales\te.pak,C:\Program Files (x86)\Google\Update\Install\{3792D756-8DD5-41E1-84BE-F3FDECAA69E5}\CR_00C46.tmp\setup.exe
78,2021-03-17 13:32:39,file_creation,1868,C:\Program Files\Google\Chrome\Temp\source1868_1171136647\Chrome-bin\89.0.4389.82\Locales\ta.pak,C:\Program Files (x86)\Google\Update\Install\{3792D756-8DD5-41E1-84BE-F3FDECAA69E5}\CR_00C46.tmp\setup.exe
79,2021-03-17 13:32:41,file_creation,1868,C:\Program Files\Google\Chrome\Temp\source1868_1171136647\Chrome-bin\89.0.4389.82\WidevineCdm\_platform_specific\win_x64\widevinecdm.dll,C:\Program Files (x86)\Google\Update\Install\{3792D756-8DD5-41E1-84BE-F3FDECAA69E5}\CR_00C46.tmp\setup.exe
80,2021-03-17 13:32:41,file_creation,1868,C:\Program Files\Google\Chrome\Temp\source1868_1171136647\Chrome-bin\89.0.4389.82\WidevineCdm\manifest.json,C:\Program Files (x86)\Google\Update\Install\{3792D756-8DD5-41E1-84BE-F3FDECAA69E5}\CR_00C46.tmp\setup.exe
81,2021-03-17 13:32:43,file_creation,2636,C:\Users\nima\AppData\Roaming\Trackless4312039384\malware.exe,C:\Windows\System32\wermgr.exe
82,2021-03-17 13:32:42,file_creation,1868,C:\Program Files\Google\Chrome\Temp\source1868_1171136647\Chrome-bin\89.0.4389.82\chrome.dll,C:\Program Files (x86)\Google\Update\Install\{3792D756-8DD5-41E1-84BE-F3FDECAA69E5}\CR_00C46.tmp\setup.exe
83,2021-03-17 13:32:42,file_creation,1868,C:\Program Files\Google\Chrome\Temp\source1868_1171136647\Chrome-bin\chrome_proxy.exe,C:\Program Files (x86)\Google\Update\Install\{3792D756-8DD5-41E1-84BE-F3FDECAA69E5}\CR_00C46.tmp\setup.exe
84,2021-03-17 13:32:46,file_creation,2636,C:\Users\nima\AppData\Roaming\Trackless4312039384\launcher.bat,C:\Windows\System32\wermgr.exe
85,2021-03-17 13:32:46,file_creation,2636,C:\Users\nima\AppData\Roaming\Trackless4312039384\top_level.txt,C:\Windows\System32\wermgr.exe
86,2021-03-17 13:32:46,file_creation,1868,C:\Program Files\Google\Chrome\Temp\source1868_1171136647\Chrome-bin\89.0.4389.82\elevation_service.exe,C:\Program Files (x86)\Google\Update\Install\{3792D756-8DD5-41E1-84BE-F3FDECAA69E5}\CR_00C46.tmp\setup.exe
87,2021-03-17 13:32:46,file_creation,1868,C:\Program Files\Google\Chrome\Temp\source1868_1171136647\Chrome-bin\89.0.4389.82\chrome_pwa_launcher.exe,C:\Program Files (x86)\Google\Update\Install\{3792D756-8DD5-41E1-84BE-F3FDECAA69E5}\CR_00C46.tmp\setup.exe
88,2021-03-17 13:32:48,file_creation,1868,C:\Program Files\Google\Chrome\Application\88.0.4324.182\Locales,C:\Program Files (x86)\Google\Update\Install\{3792D756-8DD5-41E1-84BE-F3FDECAA69E5}\CR_00C46.tmp\setup.exe
89,2021-03-17 13:32:48,file_creation,1868,C:\Program Files\Google\Chrome\Application\88.0.4324.182\Locales\zh-TW.pak,C:\Program Files (x86)\Google\Update\Install\{3792D756-8DD5-41E1-84BE-F3FDECAA69E5}\CR_00C46.tmp\setup.exe
90,2021-03-17 13:32:48,file_creation,1868,C:\Program Files\Google\Chrome\Application\88.0.4324.182\Locales\zh-CN.pak,C:\Program Files (x86)\Google\Update\Install\{3792D756-8DD5-41E1-84BE-F3FDECAA69E5}\CR_00C46.tmp\setup.exe
91,2021-03-17 13:32:49,register_modification,1964,\REGISTRY\USER\S-1-5-21-520244864-3345261719-3862814978-1001\Software\Microsoft\Windows\CurrentVersion\Explorer\StartPage2ProgramsCache,C:\Windows\explorer.exe
92,2021-03-17 13:32:49,key_creation,1964,\REGISTRY\USER\S-1-5-21-520244864-3345261719-3862814978-1001\Software\Microsoft\Windows\CurrentVersion\Explorer\StartPage2,C:\Windows\explorer.exe
93,2021-03-17 13:32:49,file_creation,1964,C:\Users\nima\AppData\Local\Microsoft\Windows\Explorer\thumbcache_idx.db,C:\Windows\explorer.exe
94,2021-03-17 13:32:49,file_creation,1964,C:\Users\nima\AppData\Local\Microsoft\Windows\Explorer\thumbcache_sr.db,C:\Windows\explorer.exe
95,2021-03-17 13:32:49,file_creation,1964,C:\Users\nima\AppData\Local\Microsoft\Windows\Explorer\thumbcache_1024.db,C:\Windows\explorer.exe
96,2021-03-17 13:32:49,file_creation,1964,C:\Users\nima\AppData\Local\Microsoft\Windows\Explorer\thumbcache_256.db,C:\Windows\explorer.exe
97,2021-03-17 13:33:17,file_creation,2112,C:\Users\nima\AppData\Local\Google\Chrome\User Data\Local State.bak,C:\Windows\System32\svchost.exe
98,2021-03-17 13:33:17,file_creation,2112,C:\Users\nima\AppData\Local\Google\Chrome\User Data\Default\Web Data.bak,C:\Windows\System32\svchost.exe
99,2021-03-17 13:33:17,file_creation,2112,C:\Users\nima\AppData\Local\Google\Chrome\User Data\Default\History.bak,C:\Windows\System32\svchost.exe
100,2021-03-17 13:42:46,register_modification,1392,\REGISTRY\MACHINE\SOFTWARE\Microsoft\Windows\CurrentVersion\Diagnostics\DiagTrack\SettingsRequestsLastCriticalDownloadAttempt,C:\Windows\System32\svchost.exe
101,2021-03-17 13:42:46,key_creation,1392,\REGISTRY\MACHINE\SOFTWARE\Microsoft\Windows\CurrentVersion\Diagnostics\DiagTrack\SettingsRequests,C:\Windows\System32\svchost.exe
102,2021-03-17 13:56:35,key_creation,1392,\REGISTRY\MACHINE\SOFTWARE\Microsoft\Windows\CurrentVersion\Diagnostics\DiagTrack,C:\Windows\System32\svchost.exe
103,2021-03-17 14:08:35,file_creation,2636,C:\Users\nima\AppData\Roaming\Trackless4312039384\en-EN\importDll64,C:\Windows\System32\wermgr.exe
104,2021-03-17 14:08:41,key_creation,1964,\REGISTRY\USER\S-1-5-21-520244864-3345261719-3862814978-1001\Software\Microsoft\Windows\CurrentVersion\Explorer\FileExts\.bat\OpenWithProgids,C:\Windows\explorer.exe
105,2021-03-17 14:08:41,key_creation,1964,\REGISTRY\USER\S-1-5-21-520244864-3345261719-3862814978-1001\Software\Microsoft\Windows\CurrentVersion\Explorer\StartPage2,C:\Windows\explorer.exe
106,2021-03-17 14:08:40,file_creation,408,C:\Users\nima\Desktop\scripts\exp\frida_4604.txt.gz,C:\Users\nima\AppData\Local\Programs\Python\Python37\python.exe
107,2021-03-17 14:08:42,register_modification,1964,\REGISTRY\USER\S-1-5-21-520244864-3345261719-3862814978-1001\Software\Microsoft\Windows\CurrentVersion\Explorer\UserAssist\{CEBFF5CD-ACE2-4F4F-9178-9926F41749EA}\CountHRZR_PGYFRFFVBA,C:\Windows\explorer.exe
108,2021-03-17 14:08:42,register_modification,1964,\REGISTRY\USER\S-1-5-21-520244864-3345261719-3862814978-1001\Software\Microsoft\Windows\CurrentVersion\Explorer\UserAssist\{CEBFF5CD-ACE2-4F4F-9178-9926F41749EA}\CountP:\Hfref\avzn\NccQngn\Ybpny\Cebtenzf\Clguba\Clguba37\clguba.rkr,C:\Windows\explorer.exe
109,2021-03-17 14:08:46,register_modification,4704,\REGISTRY\USER\S-1-5-21-520244864-3345261719-3862814978-1001\Software\Microsoft\Windows\CurrentVersion\Internet Settings\ConnectionsSavedLegacySettings,C:\Program Files\Internet Explorer\iexplore.exe
110,2021-03-17 14:08:46,key_creation,4704,\REGISTRY\USER\S-1-5-21-520244864-3345261719-3862814978-1001\Software\Microsoft\Windows\CurrentVersion\Internet Settings\Connections,C:\Program Files\Internet Explorer\iexplore.exe
111,2021-03-17 14:08:46,key_creation,4704,\REGISTRY\USER\S-1-5-21-520244864-3345261719-3862814978-1001\Software\Microsoft\Windows\CurrentVersion\Internet Settings,C:\Program Files\Internet Explorer\iexplore.exe
112,2021-03-17 14:08:46,key_creation,4704,\REGISTRY\USER\S-1-5-21-520244864-3345261719-3862814978-1001\Software\Microsoft\Windows\CurrentVersion\Internet Settings\Zones,C:\Program Files\Internet Explorer\iexplore.exe
113,2021-03-17 14:08:46,key_creation,4704,\REGISTRY\USER\S-1-5-21-520244864-3345261719-3862814978-1001\Software\Microsoft\Windows\CurrentVersion\Internet Settings\ZoneMap,C:\Program Files\Internet Explorer\iexplore.exe
114,2021-03-17 14:08:50,key_creation,1964,\REGISTRY\USER\S-1-5-21-520244864-3345261719-3862814978-1001\Software\Microsoft\Windows\CurrentVersion\Explorer\StartPage2,C:\Windows\explorer.exe
115,2021-03-17 14:08:49,file_creation,408,C:\Users\nima\Desktop\scripts\exp\frida_4704.txt.gz,C:\Users\nima\AppData\Local\Programs\Python\Python37\python.exe
116,2021-03-17 14:08:50,key_creation,1964,\REGISTRY\USER\S-1-5-21-520244864-3345261719-3862814978-1001\Software\Microsoft\Windows\CurrentVersion\Explorer\FileExts\.bat\OpenWithProgids,C:\Windows\explorer.exe
117,2021-03-17 14:08:57,key_creation,1964,\REGISTRY\USER\S-1-5-21-520244864-3345261719-3862814978-1001\Software\Microsoft\Windows\CurrentVersion\Explorer\FileExts\.bat\OpenWithProgids,C:\Windows\explorer.exe
118,2021-03-17 14:08:57,key_creation,1964,\REGISTRY\USER\S-1-5-21-520244864-3345261719-3862814978-1001\Software\Microsoft\Windows\CurrentVersion\Explorer\StartPage2,C:\Windows\explorer.exe
119,2021-03-17 14:08:56,key_creation,2996,\REGISTRY\USER\S-1-5-21-520244864-3345261719-3862814978-1001\Software\Microsoft\Windows\CurrentVersion\Internet Settings\5.0\Cache\History,C:\Program Files (x86)\Internet Explorer\iexplore.exe
120,2021-03-17 14:08:56,key_creation,2996,\REGISTRY\USER\S-1-5-21-520244864-3345261719-3862814978-1001\Software\Microsoft\Windows\CurrentVersion\Internet Settings\5.0\Cache\Cookies,C:\Program Files (x86)\Internet Explorer\iexplore.exe
121,2021-03-17 14:08:56,key_creation,2996,\REGISTRY\USER\S-1-5-21-520244864-3345261719-3862814978-1001\Software\Microsoft\Windows\CurrentVersion\Internet Settings\5.0\Cache\Content,C:\Program Files (x86)\Internet Explorer\iexplore.exe
122,2021-03-17 14:09:17,file_creation,2996,C:\Users\nima\AppData\Local\Microsoft\Windows\Temporary Internet Files\Content.IE5\G9GY90WL\21559[1].htm,C:\Program Files (x86)\Internet Explorer\iexplore.exe
123,2021-03-17 14:09:17,file_creation,2636,C:\Users\nima\AppData\Roaming\Trackless4312039384\en-EN\pwgrab64,C:\Windows\System32\wermgr.exe
124,2021-03-17 14:09:16,register_modification,4704,\REGISTRY\USER\S-1-5-21-520244864-3345261719-3862814978-1001\Software\Microsoft\Windows\CurrentVersion\Internet Settings\Wpad\08-00-27-c2-14-b8WpadDetectedUrl,C:\Program Files\Internet Explorer\iexplore.exe
125,2021-03-17 14:09:16,key_creation,4704,\REGISTRY\USER\S-1-5-21-520244864-3345261719-3862814978-1001\Software\Microsoft\Windows\CurrentVersion\Internet Settings\Wpad\08-00-27-c2-14-b8,C:\Program Files\Internet Explorer\iexplore.exe
126,2021-03-17 14:09:16,key_creation,1964,\REGISTRY\USER\S-1-5-21-520244864-3345261719-3862814978-1001\Software\Microsoft\Windows\CurrentVersion\Explorer\FileExts\.bat\OpenWithProgids,C:\Windows\explorer.exe
127,2021-03-17 14:09:18,file_creation,4704,C:\Users\nima\AppData\Local\Microsoft\Internet Explorer\VersionManager,C:\Program Files\Internet Explorer\iexplore.exe
128,2021-03-17 14:09:18,file_creation,4704,C:\Users\nima\AppData\Local\Microsoft\Internet Explorer\VersionManager\ver6EBC.tmp,C:\Program Files\Internet Explorer\iexplore.exe
129,2021-03-17 14:09:18,file_creation,1556,C:\Users\nima\AppData\Local\Microsoft\Windows\Temporary Internet Files\Content.IE5\IGHWSZTD\urlblockindex[2].bin,C:\Windows\System32\taskhost.exe
130,2021-03-17 14:09:18,file_creation,4704,C:\Users\nima\AppData\Local\Microsoft\Windows\Temporary Internet Files\Content.IE5\IGHWSZTD\urlblockindex[1].bin,C:\Program Files\Internet Explorer\iexplore.exe
131,2021-03-17 14:09:20,file_creation,4604,C:\Users\nima\AppData\Local\Temp\grabber_temp.edb,C:\Windows\System32\svchost.exe
132,2021-03-17 14:09:22,register_modification,1392,\REGISTRY\MACHINE\SOFTWARE\Microsoft\Windows\CurrentVersion\Diagnostics\DiagTrack\SettingsRequestsLastCriticalDownloadAttempt,C:\Windows\System32\svchost.exe
133,2021-03-17 14:09:22,key_creation,1392,\REGISTRY\MACHINE\SOFTWARE\Microsoft\Windows\CurrentVersion\Diagnostics\DiagTrack\SettingsRequests,C:\Windows\System32\svchost.exe
134,2021-03-17 14:09:22,register_modification,1392,\REGISTRY\MACHINE\SOFTWARE\Microsoft\Windows\CurrentVersion\Diagnostics\DiagTrackDiagTrackStatus,C:\Windows\System32\svchost.exe
135,2021-03-17 14:09:22,key_creation,1392,\REGISTRY\MACHINE\SOFTWARE\Microsoft\Windows\CurrentVersion\Diagnostics\DiagTrack,C:\Windows\System32\svchost.exe
136,2021-03-17 14:09:24,file_creation,408,C:\Users\nima\Desktop\scripts\exp\frida_664.txt.gz,C:\Users\nima\AppData\Local\Programs\Python\Python37\python.exe
137,2021-03-17 14:09:26,file_creation,664,C:\Users\nima\AppData\Local\Google\Chrome\User Data\Local State.bak,C:\Windows\System32\svchost.exe
138,2021-03-17 14:09:26,file_creation,664,C:\Users\nima\AppData\Local\Google\Chrome\User Data\Default\Web Data.bak,C:\Windows\System32\svchost.exe
139,2021-03-17 14:09:26,file_creation,664,C:\Users\nima\AppData\Local\Google\Chrome\User Data\Default\History.bak,C:\Windows\System32\svchost.exe
140,2021-03-17 14:09:26,file_creation,664,C:\Users\nima\AppData\Local\Google\Chrome\User Data\Default\Login Data.bak,C:\Windows\System32\svchost.exe
141,2021-03-17 14:09:29,key_creation,664,\REGISTRY\USER\S-1-5-21-520244864-3345261719-3862814978-1001\Software\Microsoft\Windows\CurrentVersion\Internet Settings\Wpad\08-00-27-c2-14-b8,C:\Windows\System32\svchost.exe
142,2021-03-17 14:09:29,register_modification,664,\REGISTRY\USER\S-1-5-21-520244864-3345261719-3862814978-1001\Software\Microsoft\Windows\CurrentVersion\Internet Settings\Wpad\08-00-27-c2-14-b8WpadDetectedUrl,C:\Windows\System32\svchost.exe
143,2021-03-17 14:09:29,register_modification,664,\REGISTRY\USER\S-1-5-21-520244864-3345261719-3862814978-1001\Software\Microsoft\Windows\CurrentVersion\Internet Settings\Wpad\08-00-27-c2-14-b8WpadDecisionTime,C:\Windows\System32\svchost.exe
144,2021-03-17 14:09:29,register_modification,664,\REGISTRY\USER\S-1-5-21-520244864-3345261719-3862814978-1001\Software\Microsoft\Windows\CurrentVersion\Internet Settings\Wpad\{6EE4BE9A-1894-4E31-9CD3-D4124AD170C0}WpadDecisionTime,C:\Windows\System32\svchost.exe
145,2021-03-17 14:09:31,file_creation,3384,C:\Users\nima\AppData\Local\Temp\grabber_temp.edb,C:\Windows\System32\esentutl.exe
146,2021-03-17 14:09:30,file_creation,3384,C:\Users\nima\AppData\Local\Temp\grabber_temp.edb,C:\Windows\System32\esentutl.exe
147,2021-03-17 14:09:30,file_creation,3384,C:\Users\nima\AppData\Roaming\Trackless4312039384\grabber_temp.INTEG.RAW,C:\Windows\System32\esentutl.exe
148,2021-03-17 14:09:32,file_creation,3384,C:\Users\nima\AppData\Local\Temp\grabber_temp.edb,C:\Windows\System32\esentutl.exe
149,2021-03-17 14:09:33,file_creation,3384,C:\Users\nima\AppData\Local\Temp\grabber_temp.edb,C:\Windows\System32\esentutl.exe
150,2021-03-17 14:09:42,file_creation,4604,C:\Users\nima\AppData\Local\Microsoft\Windows\Temporary Internet Files\counters.dat,C:\Windows\System32\svchost.exe
151,2021-03-17 14:09:42,key_creation,4604,\REGISTRY\USER\S-1-5-21-520244864-3345261719-3862814978-1001\Software\Microsoft\Windows\CurrentVersion\Internet Settings\5.0\Cache\History,C:\Windows\System32\svchost.exe
152,2021-03-17 14:09:42,key_creation,4604,\REGISTRY\USER\S-1-5-21-520244864-3345261719-3862814978-1001\Software\Microsoft\Windows\CurrentVersion\Internet Settings\5.0\Cache\Cookies,C:\Windows\System32\svchost.exe
153,2021-03-17 14:09:42,key_creation,4604,\REGISTRY\USER\S-1-5-21-520244864-3345261719-3862814978-1001\Software\Microsoft\Windows\CurrentVersion\Internet Settings\5.0\Cache\Content,C:\Windows\System32\svchost.exe
154,2021-03-17 14:09:49,file_creation,296,C:\Users\nima\AppData\LocalLow\Microsoft\CryptnetUrlCache\Content\644B8874112055B5E195ECB0E8F243A4,C:\Windows\System32\svchost.exe
155,2021-03-17 14:09:49,file_creation,296,C:\Users\nima\AppData\LocalLow\Microsoft\CryptnetUrlCache\MetaData\644B8874112055B5E195ECB0E8F243A4,C:\Windows\System32\svchost.exe
156,2021-03-17 14:09:49,file_creation,296,C:\Users\nima\AppData\LocalLow\Microsoft\CryptnetUrlCache\MetaData\EE44ECA143B76F2B9F2A5AA75B5D1EC6_847118BE2683F0C241D1D702F3A3F5F9,C:\Windows\System32\svchost.exe
157,2021-03-17 14:09:49,file_creation,296,C:\Users\nima\AppData\LocalLow\Microsoft\CryptnetUrlCache\Content\EE44ECA143B76F2B9F2A5AA75B5D1EC6_847118BE2683F0C241D1D702F3A3F5F9,C:\Windows\System32\svchost.exe
158,2021-03-17 14:09:50,file_creation,296,C:\Users\nima\AppData\LocalLow\Microsoft\CryptnetUrlCache\Content\37C951188967C8EB88D99893D9D191FE,C:\Windows\System32\svchost.exe
159,2021-03-17 14:09:50,file_creation,296,C:\Users\nima\AppData\LocalLow\Microsoft\CryptnetUrlCache\MetaData\37C951188967C8EB88D99893D9D191FE,C:\Windows\System32\svchost.exe
160,2021-03-17 14:09:49,file_creation,296,C:\Users\nima\AppData\LocalLow\Microsoft\CryptnetUrlCache\Content\2CD1F910DD5DC23C234E99A91DE345C0,C:\Windows\System32\svchost.exe
161,2021-03-17 14:09:49,file_creation,296,C:\Users\nima\AppData\LocalLow\Microsoft\CryptnetUrlCache\MetaData\2CD1F910DD5DC23C234E99A91DE345C0,C:\Windows\System32\svchost.exe
162,2021-03-17 14:10:11,file_creation,404,C:\Users\nima\AppData\Local\Google\Chrome\User Data\GrShaderCache\GPUCache\data_3,C:\Program Files\Google\Chrome\Application\chrome.exe
163,2021-03-17 14:10:11,file_creation,404,C:\Users\nima\AppData\Local\Google\Chrome\User Data\GrShaderCache\GPUCache\data_1,C:\Program Files\Google\Chrome\Application\chrome.exe
164,2021-03-17 14:10:11,file_creation,3644,C:\Users\nima\AppData\Local\Google\Chrome\User Data\Default\old_Cache_000,C:\Program Files\Google\Chrome\Application\chrome.exe
165,2021-03-17 14:10:11,file_creation,3644,C:\Users\nima\AppData\Local\Google\Chrome\User Data\Default\old_Cache_000\index,C:\Program Files\Google\Chrome\Application\chrome.exe
166,2021-03-17 14:10:13,file_creation,4604,C:\Users\nima\AppData\Local\Temp\History_temp,C:\Windows\System32\svchost.exe
167,2021-03-17 14:10:13,file_creation,4604,C:\Users\nima\AppData\Local\Temp\leveldb_tmp\000010.ldb,C:\Windows\System32\svchost.exe
168,2021-03-17 14:10:17,file_creation,4604,C:\Users\nima\AppData\Roaming\Trackless4312039384\grabber_temp.INTEG.RAW,C:\Windows\System32\svchost.exe
169,2021-03-17 14:10:20,key_creation,1964,\REGISTRY\USER\S-1-5-21-520244864-3345261719-3862814978-1001\Software\Microsoft\Windows\CurrentVersion\Explorer\FileExts\.bat\OpenWithProgids,C:\Windows\explorer.exe
170,2021-03-17 14:10:20,key_creation,1964,\REGISTRY\USER\S-1-5-21-520244864-3345261719-3862814978-1001\Software\Microsoft\Windows\CurrentVersion\Explorer\StartPage2,C:\Windows\explorer.exe
171,2021-03-17 14:10:19,file_creation,408,C:\Users\nima\Desktop\scripts\exp\frida_3384.txt.gz,C:\Users\nima\AppData\Local\Programs\Python\Python37\python.exe
172,2021-03-17 14:10:28,file_creation,1196,C:\Users\nima\AppData\Local\Temp\WER7A02.tmp.WERInternalMetadata.xml,C:\Windows\System32\WerFault.exe
173,2021-03-17 14:10:28,register_modification,1196,\REGISTRY\MACHINE\SOFTWARE\Microsoft\Windows\Windows Error Reporting\DebugStoreLocation,C:\Windows\System32\WerFault.exe
174,2021-03-17 14:10:28,key_creation,1196,\REGISTRY\MACHINE\SOFTWARE\Microsoft\Windows\Windows Error Reporting\Debug,C:\Windows\System32\WerFault.exe
175,2021-03-17 14:10:28,register_modification,1196,\REGISTRY\USER\S-1-5-21-520244864-3345261719-3862814978-1001\Software\Microsoft\Windows\Windows Error Reporting\DebugStoreLocation,C:\Windows\System32\WerFault.exe
176,2021-03-17 14:10:34,file_creation,664,C:\Users\nima\AppData\Local\Google\Chrome\User Data\Local State.bak,C:\Windows\System32\svchost.exe
177,2021-03-17 14:10:34,file_creation,664,C:\Users\nima\AppData\Local\Google\Chrome\User Data\Default\Web Data.bak,C:\Windows\System32\svchost.exe
178,2021-03-17 14:10:34,file_creation,664,C:\Users\nima\AppData\Local\Google\Chrome\User Data\Default\History.bak,C:\Windows\System32\svchost.exe
179,2021-03-17 14:24:50,register_modification,348,\REGISTRY\MACHINE\SOFTWARE\Microsoft\Windows\CurrentVersion\Group Policy\Status\GPExtensions\{f3ccc681-b74c-4060-9f26-cd84525dca2a}Status,C:\Windows\System32\svchost.exe
180,2021-03-17 14:24:50,key_creation,348,\REGISTRY\MACHINE\SOFTWARE\Microsoft\Windows\CurrentVersion\Group Policy\Status\GPExtensions\{f3ccc681-b74c-4060-9f26-cd84525dca2a},C:\Windows\System32\svchost.exe
181,2021-03-17 14:24:50,key_creation,348,\REGISTRY\MACHINE\SOFTWARE\Microsoft\Windows\CurrentVersion\Group Policy\History\{F3CCC681-B74C-4060-9F26-CD84525DCA2A},C:\Windows\System32\svchost.exe
182,2021-03-17 14:24:50,key_creation,348,\REGISTRY\MACHINE\SOFTWARE\Microsoft\Windows\CurrentVersion\Group Policy\History\{F3CCC681-B74C-4060-9F26-CD84525DCA2A}\0,C:\Windows\System32\svchost.exe
183,2021-03-17 14:26:27,register_modification,1392,\REGISTRY\MACHINE\SOFTWARE\Microsoft\Windows\CurrentVersion\Diagnostics\DiagTrack\SettingsRequestsLastCriticalDownloadAttempt,C:\Windows\System32\svchost.exe
184,2021-03-17 14:26:27,key_creation,1392,\REGISTRY\MACHINE\SOFTWARE\Microsoft\Windows\CurrentVersion\Diagnostics\DiagTrack\SettingsRequests,C:\Windows\System32\svchost.exe
185,2021-03-17 14:26:28,key_creation,1392,\REGISTRY\MACHINE\SOFTWARE\Microsoft\Windows\CurrentVersion\Diagnostics\DiagTrack,C:\Windows\System32\svchost.exe
186,2021-03-17 14:28:02,register_modification,1964,\REGISTRY\USER\S-1-5-21-520244864-3345261719-3862814978-1001\Software\Microsoft\Windows\CurrentVersion\Explorer\UserAssist\{CEBFF5CD-ACE2-4F4F-9178-9926F41749EA}\CountHRZR_PGYFRFFVBA,C:\Windows\explorer.exe
187,2021-03-17 14:28:02,register_modification,1964,\REGISTRY\USER\S-1-5-21-520244864-3345261719-3862814978-1001\Software\Microsoft\Windows\CurrentVersion\Explorer\UserAssist\{CEBFF5CD-ACE2-4F4F-9178-9926F41749EA}\CountP:\Hfref\avzn\NccQngn\Ybpny\Cebtenzf\Clguba\Clguba37\clguba.rkr,C:\Windows\explorer.exe
188,2021-03-17 14:28:02,register_modification,1964,\REGISTRY\USER\S-1-5-21-520244864-3345261719-3862814978-1001\Software\Microsoft\Windows\CurrentVersion\Explorer\UserAssist\{CEBFF5CD-ACE2-4F4F-9178-9926F41749EA}\Count{S38OS404-1Q43-42S2-9305-67QR0O28SP23}\rkcybere.rkr,C:\Windows\explorer.exe
189,2021-03-17 14:28:03,key_creation,1964,\REGISTRY\USER\S-1-5-21-520244864-3345261719-3862814978-1001\Software\Microsoft\Windows\CurrentVersion\Explorer\FileExts\Directory\OpenWithProgids,C:\Windows\explorer.exe
190,2021-03-17 14:28:03,file_creation,1964,C:\Users\nima\AppData\Local\Microsoft\Windows\Explorer\thumbcache_idx.db,C:\Windows\explorer.exe
191,2021-03-17 14:28:03,file_creation,1964,C:\Users\nima\AppData\Local\Microsoft\Windows\Explorer\thumbcache_sr.db,C:\Windows\explorer.exe
192,2021-03-17 14:28:03,file_creation,1964,C:\Users\nima\AppData\Local\Microsoft\Windows\Explorer\thumbcache_1024.db,C:\Windows\explorer.exe
193,2021-03-17 14:28:03,file_creation,1964,C:\Users\nima\AppData\Local\Microsoft\Windows\Explorer\thumbcache_256.db,C:\Windows\explorer.exe
194,2021-03-17 14:28:03,file_creation,1964,C:\Users\nima\AppData\Local\Microsoft\Windows\Explorer\thumbcache_96.db,C:\Windows\explorer.exe
195,2021-03-17 14:28:04,register_modification,1964,\REGISTRY\USER\S-1-5-21-520244864-3345261719-3862814978-1001\Software\Microsoft\Windows\CurrentVersion\Explorer\UserAssist\{CEBFF5CD-ACE2-4F4F-9178-9926F41749EA}\CountHRZR_PGYFRFFVBA,C:\Windows\explorer.exe
196,2021-03-17 14:28:04,register_modification,1964,\REGISTRY\USER\S-1-5-21-520244864-3345261719-3862814978-1001\Software\Microsoft\Windows\CurrentVersion\Explorer\UserAssist\{CEBFF5CD-ACE2-4F4F-9178-9926F41749EA}\Count{S38OS404-1Q43-42S2-9305-67QR0O28SP23}\rkcybere.rkr,C:\Windows\explorer.exe
197,2021-03-17 14:28:04,register_modification,1964,\REGISTRY\USER\S-1-5-21-520244864-3345261719-3862814978-1001\Software\Microsoft\Windows\CurrentVersion\Explorer\UserAssist\{CEBFF5CD-ACE2-4F4F-9178-9926F41749EA}\CountP:\Hfref\avzn\NccQngn\Ybpny\Cebtenzf\Clguba\Clguba37\clguba.rkr,C:\Windows\explorer.exe
198,2021-03-17 14:28:11,key_creation,1964,\REGISTRY\USER\S-1-5-21-520244864-3345261719-3862814978-1001\Software\Microsoft\Windows\CurrentVersion\Explorer\FileExts\Directory\OpenWithProgids,C:\Windows\explorer.exe
199,2021-03-17 14:28:11,register_modification,1964,\REGISTRY\USER\S-1-5-21-520244864-3345261719-3862814978-1001\Software\Microsoft\Windows\CurrentVersion\Explorer\UserAssist\{CEBFF5CD-ACE2-4F4F-9178-9926F41749EA}\CountHRZR_PGYFRFFVBA,C:\Windows\explorer.exe
200,2021-03-17 14:28:11,register_modification,1964,\REGISTRY\USER\S-1-5-21-520244864-3345261719-3862814978-1001\Software\Microsoft\Windows\CurrentVersion\Explorer\UserAssist\{CEBFF5CD-ACE2-4F4F-9178-9926F41749EA}\CountP:\Hfref\avzn\NccQngn\Ybpny\Cebtenzf\Clguba\Clguba37\clguba.rkr,C:\Windows\explorer.exe
201,2021-03-17 14:28:11,register_modification,1964,\REGISTRY\USER\S-1-5-21-520244864-3345261719-3862814978-1001\Software\Microsoft\Windows\CurrentVersion\Explorer\UserAssist\{CEBFF5CD-ACE2-4F4F-9178-9926F41749EA}\Count{S38OS404-1Q43-42S2-9305-67QR0O28SP23}\rkcybere.rkr,C:\Windows\explorer.exe
202,2021-03-17 14:28:13,key_creation,1964,\REGISTRY\USER\S-1-5-21-520244864-3345261719-3862814978-1001\Software\Microsoft\Windows\CurrentVersion\Explorer\FileExts\.py\OpenWithProgids,C:\Windows\explorer.exe
203,2021-03-17 14:28:12,file_creation,1964,C:\Users\nima\AppData\Local\Microsoft\Windows\Explorer\thumbcache_idx.db,C:\Windows\explorer.exe
204,2021-03-17 14:28:12,file_creation,1964,C:\Users\nima\AppData\Local\Microsoft\Windows\Explorer\thumbcache_sr.db,C:\Windows\explorer.exe
205,2021-03-17 14:28:12,file_creation,1964,C:\Users\nima\AppData\Local\Microsoft\Windows\Explorer\thumbcache_1024.db,C:\Windows\explorer.exe
206,2021-03-17 14:28:16,file_creation,3756,C:\Users\nima\AppData\Roaming\Code\User\workspaceStorage\1615962495994\state.vscdb-journal,C:\Users\nima\AppData\Local\Programs\Microsoft VS Code\Code.exe
207,2021-03-17 14:28:16,file_creation,3756,C:\Users\nima\AppData\Roaming\Code\User\workspaceStorage\1615962495994\state.vscdb,C:\Users\nima\AppData\Local\Programs\Microsoft VS Code\Code.exe
208,2021-03-17 14:28:17,file_creation,4880,C:\Users\nima\AppData\Roaming\Code\logs\20210317T142814\main.log,C:\Users\nima\AppData\Local\Programs\Microsoft VS Code\Code.exe
209,2021-03-17 14:28:16,file_creation,3756,C:\Users\nima\AppData\Roaming\Code\CachedExtensions\user,C:\Users\nima\AppData\Local\Programs\Microsoft VS Code\Code.exe
210,2021-03-17 14:28:16,file_creation,4880,C:\Users\nima\AppData\Roaming\Code\User\globalStorage\state.vscdb-journal,C:\Users\nima\AppData\Local\Programs\Microsoft VS Code\Code.exe
211,2021-03-17 14:28:16,file_creation,4124,C:\Users\nima\AppData\Roaming\Code\Cache\data_2,C:\Users\nima\AppData\Local\Programs\Microsoft VS Code\Code.exe
212,2021-03-17 14:28:17,file_creation,3756,C:\Users\nima\AppData\Roaming\Code\rapid_render.json,C:\Users\nima\AppData\Local\Programs\Microsoft VS Code\Code.exe
213,2021-03-17 14:28:17,file_creation,3756,C:\Users\nima\AppData\Roaming\Code\User\workspaceStorage\1615962495994\state.vscdb-journal,C:\Users\nima\AppData\Local\Programs\Microsoft VS Code\Code.exe
214,2021-03-17 14:28:19,file_creation,5080,C:\Users\nima\AppData\Roaming\Code\CachedExtensionVSIXs\ms-toolsai.jupyter-2020.12.414227025,C:\Users\nima\AppData\Local\Programs\Microsoft VS Code\Code.exe
215,2021-03-17 14:28:19,file_creation,5080,C:\Users\nima\AppData\Roaming\Code\CachedExtensionVSIXs\ms-python.python-2021.1.502429796,C:\Users\nima\AppData\Local\Programs\Microsoft VS Code\Code.exe
216,2021-03-17 14:28:19,file_creation,5080,C:\Users\nima\AppData\Roaming\Code\languagepacks.json,C:\Users\nima\AppData\Local\Programs\Microsoft VS Code\Code.exe
217,2021-03-17 14:28:21,file_creation,5080,C:\Users\nima\AppData\Roaming\Code\logs\20210317T142814\userDataSync.log,C:\Users\nima\AppData\Local\Programs\Microsoft VS Code\Code.exe
218,2021-03-17 14:28:21,file_creation,5080,C:\Users\nima\AppData\Roaming\Code\logs\20210317T142814\telemetry.log,C:\Users\nima\AppData\Local\Programs\Microsoft VS Code\Code.exe
219,2021-03-17 14:28:21,file_creation,4880,C:\Users\nima\AppData\Roaming\Code\User\globalStorage\state.vscdb-journal,C:\Users\nima\AppData\Local\Programs\Microsoft VS Code\Code.exe
220,2021-03-17 14:28:20,file_creation,4880,C:\Users\nima\AppData\Roaming\Code\User\globalStorage\state.vscdb-journal,C:\Users\nima\AppData\Local\Programs\Microsoft VS Code\Code.exe
221,2021-03-17 14:28:20,file_creation,2440,C:\Users\nima\AppData\Roaming\Code\logs\20210317T142814\exthost1\output_logging_20210317T142819\5-Python.log,C:\Users\nima\AppData\Local\Programs\Microsoft VS Code\Code.exe
222,2021-03-17 14:28:22,file_creation,4880,C:\Users\nima\AppData\Roaming\Code\User\globalStorage\state.vscdb-journal,C:\Users\nima\AppData\Local\Programs\Microsoft VS Code\Code.exe
223,2021-03-17 14:28:23,file_creation,3756,C:\Users\nima\AppData\Roaming\Code\rapid_render.json,C:\Users\nima\AppData\Local\Programs\Microsoft VS Code\Code.exe
224,2021-03-17 14:28:25,file_creation,4316,C:\Users\nima\AppData\Local\Jedi\Jedi\CPython-37-33\593d51111df2a7984c5d14ec09b1fb4e1c5fa86889ca077d5efe8caf989e2ebc-c9de7fef642ac1c486d77854c5f42aa0a11f2d285b8d825ea04d33799989b6f7.pkl,C:\Users\nima\AppData\Local\Programs\Python\Python37\python.exe
225,2021-03-17 14:28:25,file_creation,4316,C:\Users\nima\AppData\Local\Jedi\Jedi\CPython-37-33\593d51111df2a7984c5d14ec09b1fb4e1c5fa86889ca077d5efe8caf989e2ebc-c86baf8f91b8569af107a71367233343a1b365269931665db635b52362d04d84.pkl,C:\Users\nima\AppData\Local\Programs\Python\Python37\python.exe
226,2021-03-17 14:28:28,file_creation,4124,C:\Users\nima\AppData\Roaming\Code\Cache\f_00000e,C:\Users\nima\AppData\Local\Programs\Microsoft VS Code\Code.exe
227,2021-03-17 14:28:28,file_creation,4124,C:\Users\nima\AppData\Roaming\Code\Cache\f_00000d,C:\Users\nima\AppData\Local\Programs\Microsoft VS Code\Code.exe
228,2021-03-17 14:28:28,file_creation,2440,C:\Users\nima\AppData\Roaming\Code\CachedData\622cb03f7e070a9670c94bae1a45d78d7181fbd4\vscode-0aba6eac331cd5327a08e3ded5a28a39.code,C:\Users\nima\AppData\Local\Programs\Microsoft VS Code\Code.exe
229,2021-03-17 14:28:29,file_creation,4316,C:\Users\nima\AppData\Local\Jedi\Jedi\CPython-37-33\593d51111df2a7984c5d14ec09b1fb4e1c5fa86889ca077d5efe8caf989e2ebc-53aeed8796abd7c8973c71db0cb3f079dce873573978ffec9db275978517058b.pkl,C:\Users\nima\AppData\Local\Programs\Python\Python37\python.exe
230,2021-03-17 14:28:29,file_creation,4316,C:\Users\nima\AppData\Local\Jedi\Jedi\CPython-37-33\593d51111df2a7984c5d14ec09b1fb4e1c5fa86889ca077d5efe8caf989e2ebc-50f35ecf8e04717704d32fd5f72c1617ae13eda90dbaa5bd69d7d03534aac960.pkl,C:\Users\nima\AppData\Local\Programs\Python\Python37\python.exe
231,2021-03-17 14:28:29,file_creation,4316,C:\Users\nima\AppData\Local\Jedi\Jedi\CPython-37-33\593d51111df2a7984c5d14ec09b1fb4e1c5fa86889ca077d5efe8caf989e2ebc-d82ce02741a3a2f0e6f1d3c5f6b90671237bd62992032068cb2ea575da885c57.pkl,C:\Users\nima\AppData\Local\Programs\Python\Python37\python.exe
232,2021-03-17 14:28:29,file_creation,2440,C:\Users\nima\AppData\Roaming\Code\CachedData\622cb03f7e070a9670c94bae1a45d78d7181fbd4\draft-395b4ec71050cc6952209b6e04559c0a.code,C:\Users\nima\AppData\Local\Programs\Microsoft VS Code\Code.exe
233,2021-03-17 14:28:30,file_creation,2440,C:\Users\nima\AppData\Roaming\Code\CachedData\622cb03f7e070a9670c94bae1a45d78d7181fbd4\native-ce26fb7c748bdddfb975ed503a0d6a70.code,C:\Users\nima\AppData\Local\Programs\Microsoft VS Code\Code.exe
234,2021-03-17 14:28:30,file_creation,2440,C:\Users\nima\AppData\Roaming\Code\CachedData\622cb03f7e070a9670c94bae1a45d78d7181fbd4\index-9391a997aaf1dd5affc941a7ab80a849.code,C:\Users\nima\AppData\Local\Programs\Microsoft VS Code\Code.exe
235,2021-03-17 14:28:30,file_creation,4316,C:\Users\nima\AppData\Local\Jedi\Jedi\CPython-37-33\593d51111df2a7984c5d14ec09b1fb4e1c5fa86889ca077d5efe8caf989e2ebc-4dc8802a65500675e8329090efe06535d9a5d9eeb931e480984bb010d76c919d.pkl,C:\Users\nima\AppData\Local\Programs\Python\Python37\python.exe
236,2021-03-17 14:28:30,file_creation,3756,C:\Users\nima\AppData\Roaming\Code\User\workspaceStorage\1615962495994\state.vscdb-journal,C:\Users\nima\AppData\Local\Programs\Microsoft VS Code\Code.exe
237,2021-03-17 14:28:32,file_creation,1964,C:\Users\nima\AppData\Local\Microsoft\Windows\Explorer\thumbcache_idx.db,C:\Windows\explorer.exe
238,2021-03-17 14:28:32,file_creation,1964,C:\Users\nima\AppData\Local\Microsoft\Windows\Explorer\thumbcache_sr.db,C:\Windows\explorer.exe
239,2021-03-17 14:28:32,file_creation,1964,C:\Users\nima\AppData\Local\Microsoft\Windows\Explorer\thumbcache_1024.db,C:\Windows\explorer.exe
240,2021-03-17 14:28:32,file_creation,1964,C:\Users\nima\AppData\Local\Microsoft\Windows\Explorer\thumbcache_256.db,C:\Windows\explorer.exe
241,2021-03-17 14:28:32,file_creation,1964,C:\Users\nima\AppData\Local\Microsoft\Windows\Explorer\thumbcache_96.db,C:\Windows\explorer.exe
242,2021-03-17 14:28:32,file_creation,1964,C:\Users\nima\AppData\Local\Microsoft\Windows\Explorer\thumbcache_32.db,C:\Windows\explorer.exe
243,2021-03-17 14:28:32,key_creation,1964,\REGISTRY\USER\S-1-5-21-520244864-3345261719-3862814978-1001\Software\Microsoft\Windows\CurrentVersion\Explorer\Modules\NavPane,C:\Windows\explorer.exe
244,2021-03-17 14:28:33,key_creation,1964,\REGISTRY\USER\S-1-5-21-520244864-3345261719-3862814978-1001\Software\Microsoft\Windows\CurrentVersion\Explorer\StartPage2,C:\Windows\explorer.exe
245,2021-03-17 14:28:36,file_creation,5080,C:\Users\nima\AppData\Local\Temp\9cc9c25f-c84f-45dd-b660-5a0642d4fb65,C:\Users\nima\AppData\Local\Programs\Microsoft VS Code\Code.exe
246,2021-03-17 14:28:36,file_creation,5080,C:\Users\nima\AppData\Local\Temp,C:\Users\nima\AppData\Local\Programs\Microsoft VS Code\Code.exe
247,2021-03-17 14:28:36,file_creation,5080,C:\Users\nima\AppData\Roaming\Code\CachedExtensions\user,C:\Users\nima\AppData\Local\Programs\Microsoft VS Code\Code.exe
248,2021-03-17 14:28:36,key_creation,1964,\REGISTRY\USER\S-1-5-21-520244864-3345261719-3862814978-1001\Software\Microsoft\Windows\CurrentVersion\Explorer\StartPage2,C:\Windows\explorer.exe
249,2021-03-17 14:28:37,key_creation,1964,\REGISTRY\USER\S-1-5-21-520244864-3345261719-3862814978-1001\Software\Microsoft\Windows\CurrentVersion\Explorer\StartPage2,C:\Windows\explorer.exe
250,2021-03-17 14:28:38,register_modification,1964,\REGISTRY\USER\S-1-5-21-520244864-3345261719-3862814978-1001\Software\Microsoft\Windows\CurrentVersion\Explorer\UserAssist\{CEBFF5CD-ACE2-4F4F-9178-9926F41749EA}\CountHRZR_PGYFRFFVBA,C:\Windows\explorer.exe
251,2021-03-17 14:28:38,register_modification,1964,\REGISTRY\USER\S-1-5-21-520244864-3345261719-3862814978-1001\Software\Microsoft\Windows\CurrentVersion\Explorer\UserAssist\{CEBFF5CD-ACE2-4F4F-9178-9926F41749EA}\Count{S38OS404-1Q43-42S2-9305-67QR0O28SP23}\rkcybere.rkr,C:\Windows\explorer.exe
252,2021-03-17 14:28:38,register_modification,1964,\REGISTRY\USER\S-1-5-21-520244864-3345261719-3862814978-1001\Software\Microsoft\Windows\CurrentVersion\Explorer\UserAssist\{CEBFF5CD-ACE2-4F4F-9178-9926F41749EA}\CountP:\Hfref\avzn\NccQngn\Ybpny\Cebtenzf\Clguba\Clguba37\clguba.rkr,C:\Windows\explorer.exe
253,2021-03-17 14:28:46,file_creation,4124,C:\Users\nima\AppData\Roaming\Code\TransportSecurity~RF563d54.TMP,C:\Users\nima\AppData\Local\Programs\Microsoft VS Code\Code.exe
254,2021-03-17 14:28:46,file_creation,4124,C:\Users\nima\AppData\Roaming\Code,C:\Users\nima\AppData\Local\Programs\Microsoft VS Code\Code.exe
255,2021-03-17 14:28:46,file_creation,4124,C:\Users\nima\AppData\Roaming\Code\ab103669-eef8-4a92-891b-fc0f9cecd70f.tmp,C:\Users\nima\AppData\Local\Programs\Microsoft VS Code\Code.exe
256,2021-03-17 14:28:46,file_creation,4124,C:\Users\nima\AppData\Roaming\Code\TransportSecurity,C:\Users\nima\AppData\Local\Programs\Microsoft VS Code\Code.exe
257,2021-03-17 14:28:48,file_creation,4124,C:\Users\nima\AppData\Roaming\Code\Cookies,C:\Users\nima\AppData\Local\Programs\Microsoft VS Code\Code.exe
258,2021-03-17 14:28:48,file_creation,4124,C:\Users\nima\AppData\Roaming\Code\Cookies-journal,C:\Users\nima\AppData\Local\Programs\Microsoft VS Code\Code.exe
259,2021-03-17 14:28:52,file_creation,4124,C:\Users\nima\AppData\Roaming\Code\Cache\f_00000f,C:\Users\nima\AppData\Local\Programs\Microsoft VS Code\Code.exe
260,2021-03-17 14:28:54,file_creation,3324,C:\Users\nima\AppData\Local\Programs\Microsoft VS Code\_\is-40BDN.tmp,C:\Users\nima\AppData\Local\Temp\is-H5819.tmp\CodeSetup-stable-2b9aebd5354a3629c3aba0a5f5df49f43d6689f8.tmp
261,2021-03-17 14:28:54,file_creation,3324,C:\Users\nima\AppData\Local\Programs\Microsoft VS Code\_,C:\Users\nima\AppData\Local\Temp\is-H5819.tmp\CodeSetup-stable-2b9aebd5354a3629c3aba0a5f5df49f43d6689f8.tmp
262,2021-03-17 14:28:54,file_creation,3324,C:\Users\nima\AppData\Local\Programs\Microsoft VS Code\_\is-PALNO.tmp,C:\Users\nima\AppData\Local\Temp\is-H5819.tmp\CodeSetup-stable-2b9aebd5354a3629c3aba0a5f5df49f43d6689f8.tmp
263,2021-03-17 14:28:54,register_modification,1964,\REGISTRY\USER\S-1-5-21-520244864-3345261719-3862814978-1001\Software\Microsoft\Windows\CurrentVersion\Explorer\UserAssist\{CEBFF5CD-ACE2-4F4F-9178-9926F41749EA}\CountHRZR_PGYFRFFVBA,C:\Windows\explorer.exe
264,2021-03-17 14:29:02,file_creation,3324,C:\Users\nima\AppData\Local\Programs\Microsoft VS Code\_\is-0NKFE.tmp,C:\Users\nima\AppData\Local\Temp\is-H5819.tmp\CodeSetup-stable-2b9aebd5354a3629c3aba0a5f5df49f43d6689f8.tmp
265,2021-03-17 14:29:02,file_creation,3324,C:\Users\nima\AppData\Local\Programs\Microsoft VS Code\_,C:\Users\nima\AppData\Local\Temp\is-H5819.tmp\CodeSetup-stable-2b9aebd5354a3629c3aba0a5f5df49f43d6689f8.tmp
266,2021-03-17 14:29:02,file_creation,3324,C:\Users\nima\AppData\Local\Programs\Microsoft VS Code\_\is-LFMVQ.tmp,C:\Users\nima\AppData\Local\Temp\is-H5819.tmp\CodeSetup-stable-2b9aebd5354a3629c3aba0a5f5df49f43d6689f8.tmp
267,2021-03-17 14:29:03,file_creation,3324,C:\Users\nima\AppData\Local\Programs\Microsoft VS Code\_\is-H7F5C.tmp,C:\Users\nima\AppData\Local\Temp\is-H5819.tmp\CodeSetup-stable-2b9aebd5354a3629c3aba0a5f5df49f43d6689f8.tmp
268,2021-03-17 14:29:03,file_creation,3324,C:\Users\nima\AppData\Local\Programs\Microsoft VS Code\_,C:\Users\nima\AppData\Local\Temp\is-H5819.tmp\CodeSetup-stable-2b9aebd5354a3629c3aba0a5f5df49f43d6689f8.tmp
269,2021-03-17 14:29:03,file_creation,3324,C:\Users\nima\AppData\Local\Programs\Microsoft VS Code\_\is-KPT34.tmp,C:\Users\nima\AppData\Local\Temp\is-H5819.tmp\CodeSetup-stable-2b9aebd5354a3629c3aba0a5f5df49f43d6689f8.tmp
