,Protocol,Source,Destination,State,Process,Process ID,Parent Process ID
0,udp6,:::5353,,NONE,svchost.exe,2292,692
1,tcp,0.0.0.0:7680,,LISTEN,svchost.exe,4060,692
2,tcp,0.0.0.0:49667,,LISTEN,svchost.exe,1456,692
3,tcp,192.168.1.101:56457,52.114.132.23:443,TIME_WAIT,System Idle Process,0,0
4,tcp,192.168.1.101:56408,40.67.251.132:443,ESTABLISHED,svchost.exe,2352,692
5,tcp6,:::49666,,LISTEN,svchost.exe,1504,692
6,udp,192.168.1.101:138,,NONE,System,4,0
7,udp6,:::5353,,NONE,chrome.exe,6272,4992
8,udp,127.0.0.1:56862,,NONE,svchost.exe,2544,692
9,tcp,0.0.0.0:49664,,LISTEN,lsass.exe,732,576
10,udp6,:::3702,,NONE,svchost.exe,4148,692
11,udp,0.0.0.0:5050,,NONE,svchost.exe,5016,692
12,udp6,:::3702,,NONE,dasHost.exe,5692,5652
13,udp6,fe80::2ca3:1377:b0d2:f74:1900,,NONE,svchost.exe,3288,692
14,udp6,::1:49980,,NONE,svchost.exe,3288,692
15,udp,127.0.0.1:1900,,NONE,svchost.exe,3288,692
16,udp,0.0.0.0:3702,,NONE,svchost.exe,4148,692
17,udp,0.0.0.0:5353,,NONE,svchost.exe,2292,692
18,udp,0.0.0.0:5355,,NONE,svchost.exe,2292,692
19,tcp6,:::49664,,LISTEN,lsass.exe,732,576
20,tcp6,:::49667,,LISTEN,svchost.exe,1456,692
21,udp,127.0.0.1:49982,,NONE,svchost.exe,3288,692
22,udp6,:::54192,,NONE,dasHost.exe,5692,5652
23,tcp6,:::5357,,LISTEN,System,4,0
24,tcp,0.0.0.0:5357,,LISTEN,System,4,0
25,tcp6,:::49670,,LISTEN,services.exe,692,576
26,udp6,:::5355,,NONE,svchost.exe,2292,692
27,udp6,fe80::2ca3:1377:b0d2:f74:49979,,NONE,svchost.exe,3288,692
28,tcp6,:::135,,LISTEN,svchost.exe,960,692
29,udp,0.0.0.0:5353,,NONE,chrome.exe,6272,4992
30,udp,192.168.1.101:49981,,NONE,svchost.exe,3288,692
31,udp6,:::53256,,NONE,svchost.exe,4148,692
32,tcp,0.0.0.0:49666,,LISTEN,svchost.exe,1504,692
33,udp,192.168.1.101:1900,,NONE,svchost.exe,3288,692
34,udp,0.0.0.0:53255,,NONE,svchost.exe,4148,692
35,udp6,::1:1900,,NONE,svchost.exe,3288,692
36,tcp,0.0.0.0:445,,LISTEN,System,4,0
37,tcp,192.168.1.101:56458,138.91.140.216:443,TIME_WAIT,System Idle Process,0,0
38,tcp,192.168.1.101:139,,LISTEN,System,4,0
39,tcp,0.0.0.0:49670,,LISTEN,services.exe,692,576
40,tcp,0.0.0.0:49668,,LISTEN,spoolsv.exe,2596,692
41,tcp6,:::49665,,LISTEN,wininit.exe,576,488
42,tcp6,:::49668,,LISTEN,spoolsv.exe,2596,692
43,udp,192.168.1.101:137,,NONE,System,4,0
44,tcp,192.168.1.101:56415,40.67.251.132:443,ESTABLISHED,svchost.exe,2352,692
45,tcp,0.0.0.0:135,,LISTEN,svchost.exe,960,692
46,tcp,0.0.0.0:5040,,LISTEN,svchost.exe,5016,692
47,tcp,0.0.0.0:49665,,LISTEN,wininit.exe,576,488
48,udp,0.0.0.0:54191,,NONE,dasHost.exe,5692,5652
49,tcp6,:::7680,,LISTEN,svchost.exe,4060,692
50,tcp6,:::445,,LISTEN,System,4,0
51,udp,0.0.0.0:3702,,NONE,dasHost.exe,5692,5652
52,udp,0.0.0.0:61948,,NONE,Wireshark.exe,7904,4992
53,tcp,192.168.1.101:56459,52.137.102.105:443,SYN_SENT,svchost.exe,4060,692
54,tcp,192.168.1.101:56459,52.137.102.105:443,ESTABLISHED,svchost.exe,4060,692
55,udp,0.0.0.0:61949,,NONE,Wireshark.exe,7904,4992
56,udp,0.0.0.0:61950,,NONE,Wireshark.exe,7904,4992
57,tcp,192.168.1.101:56461,185.164.32.214:443,SYN_SENT,wermgr.exe,3696,5444
58,tcp,192.168.1.101:56460,40.91.73.169:443,ESTABLISHED,svchost.exe,4060,692
59,udp,0.0.0.0:61951,,NONE,Wireshark.exe,7904,4992
60,udp,0.0.0.0:61952,,NONE,Wireshark.exe,7904,4992
61,tcp,192.168.1.101:56462,82.146.46.220:443,SYN_SENT,wermgr.exe,3696,5444
62,udp,0.0.0.0:61953,,NONE,Wireshark.exe,7904,4992
63,udp,192.168.1.101:61954,,NONE,chrome.exe,6272,4992
64,tcp,192.168.1.101:56463,82.146.46.220:443,SYN_SENT,wermgr.exe,3696,5444
65,tcp,192.168.1.101:56459,52.137.102.105:443,FIN_WAIT1,svchost.exe,4060,692
66,tcp,192.168.1.101:56459,52.137.102.105:443,TIME_WAIT,System Idle Process,0,0
67,tcp,192.168.1.101:56460,40.91.73.169:443,TIME_WAIT,System Idle Process,0,0
68,tcp,192.168.1.101:56464,82.146.46.220:443,SYN_SENT,wermgr.exe,3696,5444
69,udp6,:::51575,,NONE,svchost.exe,2292,692
70,tcp,192.168.1.101:56466,172.217.19.228:443,ESTABLISHED,chrome.exe,7144,6272
71,udp,0.0.0.0:51577,,NONE,chrome.exe,7144,6272
72,udp,0.0.0.0:51575,,NONE,svchost.exe,2292,692
73,udp,0.0.0.0:51576,,NONE,chrome.exe,7144,6272
74,tcp,192.168.1.101:56465,8.8.8.8:443,ESTABLISHED,chrome.exe,7144,6272
75,udp,0.0.0.0:53831,,NONE,chrome.exe,7144,6272
76,tcp,192.168.1.101:56468,51.195.68.163:443,ESTABLISHED,chrome.exe,7144,6272
77,tcp,192.168.1.101:56467,172.217.19.234:443,ESTABLISHED,chrome.exe,7144,6272
78,udp,0.0.0.0:51302,,NONE,Wireshark.exe,7904,4992
79,udp,0.0.0.0:51579,,NONE,chrome.exe,7144,6272
80,tcp,192.168.1.101:56469,216.58.213.72:443,ESTABLISHED,chrome.exe,7144,6272
81,udp,0.0.0.0:51307,,NONE,chrome.exe,7144,6272
82,tcp,192.168.1.101:56470,216.58.213.78:443,ESTABLISHED,chrome.exe,7144,6272
83,udp,0.0.0.0:51306,,NONE,chrome.exe,7144,6272
84,tcp,192.168.1.101:56465,8.8.8.8:443,TIME_WAIT,System Idle Process,0,0
85,tcp,192.168.1.101:56470,216.58.213.78:443,TIME_WAIT,System Idle Process,0,0
86,tcp,192.168.1.101:56468,51.195.68.163:443,TIME_WAIT,System Idle Process,0,0
87,tcp,192.168.1.101:56469,216.58.213.72:443,TIME_WAIT,System Idle Process,0,0
88,tcp,192.168.1.101:56466,172.217.19.228:443,TIME_WAIT,System Idle Process,0,0
89,tcp,192.168.1.101:56467,172.217.19.234:443,TIME_WAIT,System Idle Process,0,0
90,udp,0.0.0.0:51309,,NONE,Wireshark.exe,7904,4992
91,udp,0.0.0.0:60893,,NONE,Wireshark.exe,7904,4992
92,tcp,192.168.1.101:56474,185.205.209.241:443,ESTABLISHED,wermgr.exe,3696,5444
93,udp,0.0.0.0:60894,,NONE,Wireshark.exe,7904,4992
94,udp,0.0.0.0:60895,,NONE,Wireshark.exe,7904,4992
95,tcp,192.168.1.101:56475,158.181.155.153:449,SYN_SENT,wermgr.exe,3696,5444
96,udp,0.0.0.0:60896,,NONE,Wireshark.exe,7904,4992
97,tcp,192.168.1.101:56476,5.34.178.126:443,SYN_SENT,wermgr.exe,3696,5444
98,tcp,192.168.1.101:56477,88.247.212.56:449,SYN_SENT,wermgr.exe,3696,5444
99,udp,0.0.0.0:60897,,NONE,Wireshark.exe,7904,4992
100,udp,0.0.0.0:60898,,NONE,Wireshark.exe,7904,4992
101,tcp,192.168.1.101:56478,52.143.86.214:443,ESTABLISHED,svchost.exe,4060,692
102,tcp,192.168.1.101:56479,88.247.212.56:449,SYN_SENT,wermgr.exe,3696,5444
103,tcp,192.168.1.101:56480,88.247.212.56:449,SYN_SENT,wermgr.exe,3696,5444
104,tcp,192.168.1.101:56478,52.143.86.214:443,TIME_WAIT,System Idle Process,0,0
105,tcp,192.168.1.101:56481,92.62.65.163:449,SYN_SENT,wermgr.exe,3696,5444
106,tcp,192.168.1.101:56481,92.62.65.163:449,ESTABLISHED,wermgr.exe,3696,5444
107,tcp,192.168.1.101:56482,216.239.32.21:80,ESTABLISHED,wermgr.exe,3696,5444
108,udp,0.0.0.0:60899,,NONE,Wireshark.exe,7904,4992
109,tcp,192.168.1.101:56483,5.182.210.219:447,ESTABLISHED,wermgr.exe,3696,5444
110,udp,0.0.0.0:53518,,NONE,Wireshark.exe,7904,4992
111,tcp,192.168.1.101:56484,92.62.65.163:449,ESTABLISHED,wermgr.exe,3696,5444
112,udp6,:::59035,,NONE,svchost.exe,2292,692
113,udp,0.0.0.0:59035,,NONE,svchost.exe,2292,692
114,tcp,192.168.1.101:56485,170.238.117.187:8082,ESTABLISHED,cmd.exe,2976,3696
115,udp,0.0.0.0:56847,,NONE,Wireshark.exe,7904,4992
116,udp,0.0.0.0:57388,,NONE,chrome.exe,2860,3916
117,tcp,192.168.1.101:56488,216.58.201.228:443,ESTABLISHED,chrome.exe,2860,3916
118,tcp,192.168.1.101:56487,172.217.18.205:443,ESTABLISHED,chrome.exe,2860,3916
119,tcp,192.168.1.101:56491,216.58.209.227:443,ESTABLISHED,chrome.exe,2860,3916
120,tcp,192.168.1.101:56489,216.58.201.228:443,ESTABLISHED,chrome.exe,2860,3916
121,udp,192.168.1.101:54046,,NONE,chrome.exe,3916,4992
122,tcp,192.168.1.101:56492,216.58.206.227:443,ESTABLISHED,chrome.exe,2860,3916
123,tcp,192.168.1.101:56493,8.8.8.8:443,ESTABLISHED,chrome.exe,2860,3916
124,tcp,192.168.1.101:56494,8.8.8.8:443,ESTABLISHED,chrome.exe,2860,3916
125,tcp,192.168.1.101:56484,92.62.65.163:449,LAST_ACK,wermgr.exe,3696,5444
126,udp6,:::53808,,NONE,svchost.exe,2292,692
127,udp,0.0.0.0:53808,,NONE,svchost.exe,2292,692
128,udp,0.0.0.0:55313,,NONE,svchost.exe,2292,692
129,udp,0.0.0.0:61945,,NONE,chrome.exe,2860,3916
130,udp6,:::57097,,NONE,svchost.exe,2292,692
131,udp,0.0.0.0:57097,,NONE,svchost.exe,2292,692
132,udp,0.0.0.0:61944,,NONE,chrome.exe,2860,3916
133,udp6,:::55313,,NONE,svchost.exe,2292,692
134,tcp,192.168.1.101:56496,91.198.174.192:443,ESTABLISHED,chrome.exe,2860,3916
135,udp,0.0.0.0:55315,,NONE,chrome.exe,2860,3916
136,udp,0.0.0.0:55317,,NONE,Wireshark.exe,7904,4992
137,tcp,192.168.1.101:56497,8.8.8.8:443,ESTABLISHED,chrome.exe,2860,3916
138,tcp,192.168.1.101:56495,216.58.214.78:443,ESTABLISHED,chrome.exe,2860,3916
139,tcp,192.168.1.101:56489,216.58.201.228:443,CLOSE_WAIT,chrome.exe,2860,3916
140,tcp,192.168.1.101:56500,91.198.174.208:443,ESTABLISHED,chrome.exe,2860,3916
141,udp,0.0.0.0:54751,,NONE,chrome.exe,2860,3916
142,tcp,192.168.1.101:56498,216.58.201.234:443,ESTABLISHED,chrome.exe,2860,3916
143,udp,0.0.0.0:59428,,NONE,chrome.exe,2860,3916
144,udp,0.0.0.0:5353,,NONE,chrome.exe,3916,4992
145,udp6,:::5353,,NONE,chrome.exe,3916,4992
146,tcp,192.168.1.101:56501,172.217.18.195:443,ESTABLISHED,chrome.exe,2860,3916
147,udp,0.0.0.0:59429,,NONE,Wireshark.exe,7904,4992
148,tcp,192.168.1.101:56482,216.239.32.21:80,TIME_WAIT,System Idle Process,0,0
149,tcp,192.168.1.101:56502,92.123.237.50:80,ESTABLISHED,svchost.exe,2916,692
150,udp6,:::53535,,NONE,svchost.exe,2292,692
151,udp,0.0.0.0:60517,,NONE,chrome.exe,2860,3916
152,udp,0.0.0.0:53535,,NONE,svchost.exe,2292,692
153,udp,0.0.0.0:60519,,NONE,chrome.exe,2860,3916
154,udp,0.0.0.0:60518,,NONE,chrome.exe,2860,3916
155,udp,0.0.0.0:50419,,NONE,svchost.exe,2292,692
156,tcp,192.168.1.101:56503,216.58.215.35:443,ESTABLISHED,chrome.exe,2860,3916
157,udp6,:::50419,,NONE,svchost.exe,2292,692
158,tcp,192.168.1.101:56504,92.62.65.163:449,ESTABLISHED,wermgr.exe,3696,5444
159,udp,0.0.0.0:53540,,NONE,chrome.exe,2860,3916
160,udp,0.0.0.0:53539,,NONE,chrome.exe,2860,3916
161,udp,192.168.1.101:53541,,NONE,chrome.exe,3916,4992
162,udp,0.0.0.0:59613,,NONE,chrome.exe,2860,3916
163,udp,0.0.0.0:59612,,NONE,chrome.exe,2860,3916
164,udp,0.0.0.0:63197,,NONE,chrome.exe,2860,3916
165,tcp,192.168.1.101:56505,35.186.224.25:443,ESTABLISHED,svchost.exe,4508,692
166,udp,0.0.0.0:50672,,NONE,chrome.exe,2860,3916
167,udp,0.0.0.0:50671,,NONE,chrome.exe,2860,3916
168,udp,192.168.1.101:50673,,NONE,chrome.exe,3916,4992
169,tcp,192.168.1.101:56487,172.217.18.205:443,TIME_WAIT,System Idle Process,0,0
170,tcp,192.168.1.101:56491,216.58.209.227:443,CLOSE_WAIT,chrome.exe,2860,3916
171,tcp,192.168.1.101:56495,216.58.214.78:443,CLOSE_WAIT,chrome.exe,2860,3916
172,tcp,192.168.1.101:56505,35.186.224.25:443,TIME_WAIT,System Idle Process,0,0
173,tcp,192.168.1.101:56501,172.217.18.195:443,CLOSE_WAIT,chrome.exe,2860,3916
174,tcp,192.168.1.101:56506,92.62.65.163:449,ESTABLISHED,wermgr.exe,3696,5444
175,udp,0.0.0.0:54591,,NONE,chrome.exe,2860,3916
176,udp,0.0.0.0:54590,,NONE,chrome.exe,2860,3916
177,udp,0.0.0.0:54589,,NONE,chrome.exe,2860,3916
178,tcp,192.168.1.101:56507,20.49.150.241:443,TIME_WAIT,System Idle Process,0,0
179,udp,0.0.0.0:52250,,NONE,Wireshark.exe,7904,4992
180,tcp,192.168.1.101:56506,92.62.65.163:449,CLOSING,wermgr.exe,3696,5444
181,udp,0.0.0.0:52253,,NONE,chrome.exe,2860,3916
182,udp,0.0.0.0:52252,,NONE,chrome.exe,2860,3916
183,udp,192.168.1.101:52254,,NONE,chrome.exe,3916,4992
184,tcp,192.168.1.101:56508,52.137.102.105:443,SYN_SENT,svchost.exe,4060,692
185,tcp,192.168.1.101:56508,52.137.102.105:443,ESTABLISHED,svchost.exe,4060,692
186,tcp,192.168.1.101:56509,40.91.73.169:443,ESTABLISHED,svchost.exe,4060,692
187,udp,0.0.0.0:56047,,NONE,chrome.exe,2860,3916
188,udp,0.0.0.0:56045,,NONE,chrome.exe,2860,3916
189,udp,0.0.0.0:56046,,NONE,chrome.exe,2860,3916
190,udp,0.0.0.0:56048,,NONE,Wireshark.exe,7904,4992
191,udp,0.0.0.0:56050,,NONE,chrome.exe,2860,3916
192,udp,0.0.0.0:56051,,NONE,chrome.exe,2860,3916
193,udp,192.168.1.101:56052,,NONE,chrome.exe,3916,4992
194,tcp,192.168.1.101:56510,92.62.65.163:449,ESTABLISHED,wermgr.exe,3696,5444
195,udp,0.0.0.0:56055,,NONE,chrome.exe,2860,3916
196,udp,0.0.0.0:56054,,NONE,chrome.exe,2860,3916
197,udp,192.168.1.101:56059,,NONE,chrome.exe,3916,4992
198,udp,0.0.0.0:56058,,NONE,chrome.exe,2860,3916
199,udp,0.0.0.0:56057,,NONE,chrome.exe,2860,3916
200,udp,0.0.0.0:56062,,NONE,chrome.exe,2860,3916
201,udp,0.0.0.0:56061,,NONE,chrome.exe,2860,3916
202,tcp,192.168.1.101:56511,92.62.65.163:449,SYN_SENT,wermgr.exe,3696,5444
203,tcp,192.168.1.101:56511,92.62.65.163:449,ESTABLISHED,wermgr.exe,3696,5444
204,tcp,192.168.1.101:56512,52.143.86.214:443,ESTABLISHED,svchost.exe,4060,692
205,udp,0.0.0.0:61583,,NONE,chrome.exe,2860,3916
206,udp,0.0.0.0:61584,,NONE,chrome.exe,2860,3916
207,udp,0.0.0.0:61585,,NONE,chrome.exe,2860,3916
208,udp,192.168.1.101:61586,,NONE,chrome.exe,3916,4992
209,udp,0.0.0.0:61587,,NONE,Wireshark.exe,7904,4992
210,tcp,192.168.1.101:56513,91.198.174.192:443,ESTABLISHED,chrome.exe,2860,3916
211,tcp,192.168.1.101:56514,91.198.174.208:443,ESTABLISHED,chrome.exe,2860,3916
212,udp,0.0.0.0:61599,,NONE,chrome.exe,2860,3916
213,udp,0.0.0.0:61602,,NONE,Wireshark.exe,7904,4992
214,tcp,192.168.1.101:56515,172.217.18.206:443,ESTABLISHED,chrome.exe,2860,3916
215,udp,0.0.0.0:61601,,NONE,chrome.exe,2860,3916
216,tcp,192.168.1.101:56517,192.168.0.0:80,SYN_SENT,chrome.exe,2860,3916
217,tcp,192.168.1.101:56516,192.168.0.0:80,SYN_SENT,chrome.exe,2860,3916
218,tcp,192.168.1.101:56518,192.168.0.0:80,SYN_SENT,chrome.exe,2860,3916
219,udp,0.0.0.0:61608,,NONE,chrome.exe,2860,3916
220,tcp,192.168.1.101:56515,172.217.18.206:443,TIME_WAIT,System Idle Process,0,0
221,tcp,192.168.1.101:56514,91.198.174.208:443,TIME_WAIT,System Idle Process,0,0
222,tcp,192.168.1.101:56513,91.198.174.192:443,TIME_WAIT,System Idle Process,0,0
223,tcp,192.168.1.101:56519,92.62.65.163:449,ESTABLISHED,wermgr.exe,3696,5444
