,process_name,process_id,parent_pid,path
0,System Idle Process,0,0,
1,System,4,0,
2,Registry,92,4,
3,smss.exe,404,4,
4,svchost.exe,432,692,
5,dwm.exe,456,668,
6,SecurityHealthService.exe,484,692,
7,csrss.exe,500,488,
8,wininit.exe,576,488,
9,csrss.exe,592,568,
10,winlogon.exe,668,568,
11,services.exe,692,576,
12,lsass.exe,732,576,
13,svchost.exe,828,692,
14,fontdrvhost.exe,848,668,
15,fontdrvhost.exe,856,576,
16,svchost.exe,864,692,
17,svchost.exe,960,692,
18,svchost.exe,1008,692,
19,MsMpEng.exe,1104,692,
20,python.exe,1204,6052,C:\Users\nima\Desktop
21,VBoxService.exe,1256,692,
22,svchost.exe,1324,692,
23,svchost.exe,1332,692,
24,svchost.exe,1344,692,
25,MemCompression,1404,4,
26,svchost.exe,1456,692,
27,svchost.exe,1496,692,
28,svchost.exe,1504,692,
29,svchost.exe,1520,692,
30,svchost.exe,1528,692,
31,svchost.exe,1648,692,
32,svchost.exe,1712,692,
33,svchost.exe,1720,692,
34,svchost.exe,1788,692,
35,RuntimeBroker.exe,1824,864,C:\Windows\system32
36,RuntimeBroker.exe,1848,864,C:\Windows\system32
37,svchost.exe,1860,692,
38,svchost.exe,1888,692,
39,svchost.exe,1908,692,
40,svchost.exe,1944,692,
41,svchost.exe,2004,692,
42,svchost.exe,2028,692,
43,YourPhone.exe,2104,864,C:\Program Files\WindowsApps\Microsoft.YourPhone_1.20092.108.0_x64__8wekyb3d8bbwe
44,svchost.exe,2112,692,
45,svchost.exe,2120,692,
46,svchost.exe,2144,692,
47,svchost.exe,2240,692,
48,svchost.exe,2292,692,
49,svchost.exe,2300,692,
50,svchost.exe,2316,692,
51,svchost.exe,2352,692,
52,svchost.exe,2376,692,
53,RuntimeBroker.exe,2468,864,C:\Windows\system32
54,svchost.exe,2472,692,
55,svchost.exe,2544,692,
56,spoolsv.exe,2596,692,
57,svchost.exe,2616,692,
58,software_reporter_tool.exe,2652,5152,C:\Users\nima\AppData\Local\Temp
59,svchost.exe,2656,692,
60,svchost.exe,2716,692,
61,WindowsTerminal.exe,2784,4992,C:\Windows\system32
62,svchost.exe,2908,692,
63,svchost.exe,2916,692,
64,svchost.exe,2928,692,
65,svchost.exe,2936,692,
66,svchost.exe,3000,692,
67,svchost.exe,3024,692,
68,svchost.exe,3048,692,
69,svchost.exe,3088,692,
70,svchost.exe,3248,692,
71,svchost.exe,3288,692,
72,dllhost.exe,3332,864,C:\Windows\system32
73,svchost.exe,3504,692,
74,svchost.exe,3544,692,
75,OpenConsole.exe,3712,2784,C:\Windows\system32
76,svchost.exe,3796,692,
77,SearchFilterHost.exe,3896,6072,
78,RuntimeBroker.exe,4008,864,C:\Windows\system32
79,svchost.exe,4060,692,
80,svchost.exe,4148,692,
81,svchost.exe,4160,692,
82,SearchApp.exe,4240,864,C:\Windows\SystemApps\Microsoft.Windows.Search_cw5n1h2txyewy
83,sihost.exe,4356,2028,C:\Windows\system32
84,dumpcap.exe,4456,7904,C:\Program Files\Wireshark\styles
85,svchost.exe,4460,692,C:\Windows\system32
86,svchost.exe,4508,692,C:\Windows\system32
87,svchost.exe,4636,692,
88,MicrosoftEdge.exe,4648,864,C:\Windows\SystemApps\Microsoft.MicrosoftEdge_8wekyb3d8bbwe
89,taskhostw.exe,4664,1456,C:\Windows\system32
90,ApplicationFrameHost.exe,4712,864,C:\Windows\system32
91,svchost.exe,4828,692,
92,MoUsoCoreWorker.exe,4852,864,
93,chrome.exe,4868,6272,C:\Program Files\Google\Chrome\Application\86.0.4240.111
94,explorer.exe,4992,4864,C:\Windows\system32
95,svchost.exe,5016,692,
96,ctfmon.exe,5028,4828,
97,software_reporter_tool.exe,5152,6272,C:\Users\nima\AppData\Local\Temp
98,svchost.exe,5276,692,C:\Windows\system32
99,svchost.exe,5356,692,
100,2020-09-08-Trickbot-EXE-gtag-ono72.exe,5444,4992,C:\Users\nima\Desktop
101,svchost.exe,5472,692,
102,VBoxTray.exe,5500,4992,C:\Windows\system32
103,svchost.exe,5652,692,
104,SecurityHealthSystray.exe,5664,4992,C:\Windows\system32
105,dasHost.exe,5692,5652,
106,StartMenuExperienceHost.exe,5880,864,C:\Windows\SystemApps\Microsoft.Windows.StartMenuExperienceHost_cw5n1h2txyewy
107,RuntimeBroker.exe,5932,864,C:\Windows\system32
108,RuntimeBroker.exe,5964,864,C:\Windows\system32
109,powershell.exe,6052,2784,C:\Users\nima
110,SearchIndexer.exe,6072,692,
111,browser_broker.exe,6160,864,C:\Windows\system32
112,svchost.exe,6188,692,
113,chrome.exe,6272,4992,C:\Program Files\Google\Chrome\Application\86.0.4240.111
114,Windows.WARP.JITService.exe,6296,6188,
115,RuntimeBroker.exe,6528,864,C:\Windows\system32
116,MicrosoftEdgeSH.exe,6592,6528,C:\Windows\SystemApps\Microsoft.MicrosoftEdge_8wekyb3d8bbwe
117,smartscreen.exe,6604,864,C:\Windows\system32
118,MicrosoftEdgeCP.exe,6648,864,C:\Windows\SystemApps\Microsoft.MicrosoftEdge_8wekyb3d8bbwe
119,svchost.exe,7124,692,
120,chrome.exe,7144,6272,C:\Program Files\Google\Chrome\Application\86.0.4240.111
121,RuntimeBroker.exe,7180,864,C:\Windows\system32
122,chrome.exe,7328,6272,C:\Program Files\Google\Chrome\Application
123,WmiPrvSE.exe,7664,864,
124,TextInputHost.exe,7688,864,C:\Windows\SystemApps\MicrosoftWindows.Client.CBS_cw5n1h2txyewy
125,WinStore.App.exe,7772,864,C:\Program Files\WindowsApps\Microsoft.WindowsStore_12009.1001.1.0_x64__8wekyb3d8bbwe
126,ShellExperienceHost.exe,7776,864,C:\Windows\SystemApps\ShellExperienceHost_cw5n1h2txyewy
127,Wireshark.exe,7904,4992,C:\Program Files\Wireshark\styles
128,svchost.exe,7912,692,
129,svchost.exe,7932,692,C:\Windows\system32
130,svchost.exe,7968,692,
131,svchost.exe,8040,692,
132,RuntimeBroker.exe,8044,864,C:\Windows\system32
133,SgrmBroker.exe,8168,692,
134,chrome.exe,8456,6272,C:\Program Files\Google\Chrome\Application\86.0.4240.111
135,OpenConsole.exe,8500,2784,C:\Windows\system32
136,svchost.exe,8564,692,
137,svchost.exe,8576,692,
138,conhost.exe,8636,4456,C:\Windows
139,godmod.exe,8664,4992,C:\Users\nima\Desktop\processExplorer
140,chrome.exe,8688,6272,C:\Program Files\Google\Chrome\Application\86.0.4240.111
141,svchost.exe,8888,692,
142,software_reporter_tool.exe,8980,5152,C:\Users\nima\AppData\Local\Temp
143,software_reporter_tool.exe,8992,5152,C:\Users\nima\AppData\Local\Temp
144,svchost.exe,9028,692,
145,powershell.exe,9088,2784,C:\Users\nima
146,svchost.exe,9148,692,
147,audiodg.exe,9284,2120,
148,python.exe,9308,9088,C:\Users\nima\Desktop
149,backgroundTaskHost.exe,9328,864,C:\Windows\SystemApps\Microsoft.Windows.ContentDeliveryManager_cw5n1h2txyewy
150,svchost.exe,9508,692,
151,svchost.exe,9516,692,
152,SearchProtocolHost.exe,9540,6072,
153,dllhost.exe,10072,864,C:\Windows\system32
154,dllhost.exe,9856,864,C:\Windows\system32
155,Wireshark.exe,7904,4992,C:\Users\nima\Documents
156,Wireshark.exe,7904,4992,C:\Users\nima\Desktop
157,wermgr.exe,3696,5444,C:\Windows\system32
158,dumpcap.exe,8260,7904,C:\Program Files\Wireshark\styles
159,conhost.exe,9664,8260,C:\Windows
160,svchost.exe,4288,692,
161,__unknown,1656,864,C:\Program Files\WindowsApps\microsoft.windowscommunicationsapps_16005.13228.41011.0_x64__8wekyb3d8bbwe
162,backgroundTaskHost.exe,7392,864,C:\Program Files\WindowsApps\Microsoft.MicrosoftOfficeHub_18.2008.12711.0_x64__8wekyb3d8bbwe
163,RuntimeBroker.exe,4176,864,C:\Windows\system32
164,GoogleUpdate.exe,5860,1456,
165,SearchFilterHost.exe,724,6072,
166,chrome.exe,2576,6272,C:\Program Files\Google\Chrome\Application\86.0.4240.111
167,chrome.exe,6028,6272,C:\Program Files\Google\Chrome\Application\86.0.4240.111
168,chrome.exe,3844,6272,C:\Program Files\Google\Chrome\Application\86.0.4240.111
169,chrome.exe,6476,6272,C:\Program Files\Google\Chrome\Application\86.0.4240.111
170,taskhostw.exe,3220,1456,
171,wermgr.exe,3696,5444,C:\Users\nima\AppData\Roaming\GlaryUtilities
172,svchost.exe,8572,692,
173,smartscreen.exe,9960,864,C:\Windows\system32
174,svchost.exe,4616,692,
175,RuntimeBroker.exe,9228,864,C:\Windows\system32
176,cmd.exe,2976,3696,C:\Users\nima\AppData\Roaming\GlaryUtilities
177,conhost.exe,9032,2976,C:\Windows
178,chrome.exe,3916,4992,C:\Program Files\Google\Chrome\Application\86.0.4240.111
179,chrome.exe,6124,3916,C:\Program Files\Google\Chrome\Application
180,chrome.exe,2136,3916,C:\Program Files\Google\Chrome\Application\86.0.4240.111
181,chrome.exe,2860,3916,C:\Program Files\Google\Chrome\Application\86.0.4240.111
182,chrome.exe,6564,3916,C:\Program Files\Google\Chrome\Application\86.0.4240.111
183,chrome.exe,6984,3916,C:\Program Files\Google\Chrome\Application\86.0.4240.111
184,chrome.exe,7644,3916,C:\Program Files\Google\Chrome\Application\86.0.4240.111
185,chrome.exe,9428,3916,C:\Program Files\Google\Chrome\Application\86.0.4240.111
186,chrome.exe,9456,3916,C:\Program Files\Google\Chrome\Application\86.0.4240.111
187,chrome.exe,9720,3916,C:\Program Files\Google\Chrome\Application\86.0.4240.111
188,WmiPrvSE.exe,9892,864,
189,chrome.exe,1020,3916,C:\Program Files\Google\Chrome\Application\86.0.4240.111
190,chrome.exe,5728,3916,C:\Program Files\Google\Chrome\Application\86.0.4240.111
191,chrome.exe,7828,3916,C:\Program Files\Google\Chrome\Application\86.0.4240.111
192,software_reporter_tool.exe,3576,8108,C:\Users\nima\AppData\Local\Temp
193,software_reporter_tool.exe,8108,3916,C:\Users\nima\AppData\Local\Temp
194,chrome.exe,2944,3916,C:\Program Files\Google\Chrome\Application\86.0.4240.111
195,software_reporter_tool.exe,9468,8108,C:\Users\nima\AppData\Local\Temp
196,chrome.exe,9912,3916,C:\Program Files\Google\Chrome\Application\86.0.4240.111
197,software_reporter_tool.exe,1744,8108,C:\Users\nima\AppData\Local\Temp
198,svchost.exe,4760,692,
199,svchost.exe,8600,692,
200,backgroundTaskHost.exe,8848,864,C:\Program Files\WindowsApps\Microsoft.MicrosoftOfficeHub_18.2008.12711.0_x64__8wekyb3d8bbwe
201,RuntimeBroker.exe,4968,864,C:\Windows\system32
202,svchost.exe,3188,692,
203,dllhost.exe,5688,864,C:\Windows\system32
204,dllhost.exe,1168,864,C:\Windows\system32
205,SearchProtocolHost.exe,9276,6072,
206,SearchFilterHost.exe,9408,6072,
207,chrome.exe,640,3916,C:\Program Files\Google\Chrome\Application\86.0.4240.111
208,chrome.exe,2756,3916,C:\Program Files\Google\Chrome\Application\86.0.4240.111
209,chrome.exe,5352,3916,C:\Program Files\Google\Chrome\Application\86.0.4240.111
210,chrome.exe,9236,3916,C:\Program Files\Google\Chrome\Application\86.0.4240.111
211,chrome.exe,9632,3916,C:\Program Files\Google\Chrome\Application\86.0.4240.111
212,chrome.exe,10204,3916,C:\Program Files\Google\Chrome\Application\86.0.4240.111
213,chrome.exe,9068,3916,C:\Program Files\Google\Chrome\Application\86.0.4240.111
214,GoogleUpdate.exe,3184,1456,
215,chrome.exe,1020,3916,
